name,latitude,longitude,city,country,data_source,confidence_score,osm_id
Dog Park 4471412873,40.7421784,-74.0329492,New York,USA,OpenStreetMap (leisure=dog_park),0.85,4471412873
Brooklyn Bridge Park - Pier 6 - Dog Run,40.6927371,-74.0000345,New York,USA,OpenStreetMap (leisure=dog_park),0.85,4501525471
Dog Park 6812776981,40.7719369,-74.0122651,New York,USA,OpenStreetMap (leisure=dog_park),0.85,6812776981
Dog Park 7771253020,40.758072,-73.9522277,New York,USA,OpenStreetMap (leisure=dog_park),0.85,7771253020
Main Street Dog Run,40.7040161,-73.9887016,New York,USA,OpenStreetMap (leisure=dog_park),0.85,10251064201
Dog Park 32866746,40.7198134,-73.9531997,New York,USA,OpenStreetMap (leisure=dog_park),0.85,32866746
Hillside Dog Park,40.7014274,-73.9942579,New York,USA,OpenStreetMap (leisure=dog_park),0.85,39513389
Dog Park 192855284,40.746887,-73.9482292,New York,USA,OpenStreetMap (leisure=dog_park),0.85,192855284
Tompkins Square Dog Run,40.7264897,-73.9811727,New York,USA,OpenStreetMap (leisure=dog_park),0.85,237523061
Dog Park 239936684,40.7438434,-73.9534024,New York,USA,OpenStreetMap (leisure=dog_park),0.85,239936684
Leroy Street Dog Run,40.7303611,-74.0109385,New York,USA,OpenStreetMap (leisure=dog_park),0.85,244980064
Tribeca Dog Park,40.7215434,-74.0123483,New York,USA,OpenStreetMap (leisure=dog_park),0.85,244981405
The Fi Office,40.7286148,-73.9919936,New York,USA,OpenStreetMap (leisure=dog_park),0.85,247838631
West 72nd Street Dog Run,40.781204,-73.9865987,New York,USA,OpenStreetMap (leisure=dog_park),0.85,252227357
Bull Moose Dog Run,40.7821428,-73.9738145,New York,USA,OpenStreetMap (leisure=dog_park),0.85,255672316
DiMattina Playground Dog Run,40.6797282,-74.0029296,New York,USA,OpenStreetMap (leisure=dog_park),0.85,257723260
Dog Park 265560940,40.7414914,-74.0281718,New York,USA,OpenStreetMap (leisure=dog_park),0.85,265560940
Jemmy's Dog Run,40.742379,-73.9885755,New York,USA,OpenStreetMap (leisure=dog_park),0.85,297995657
Small Dog Run,40.7739394,-73.9438624,New York,USA,OpenStreetMap (leisure=dog_park),0.85,308989079
Large Dog Run,40.7742335,-73.9439784,New York,USA,OpenStreetMap (leisure=dog_park),0.85,308989242
Fishbridge Park Dog Run,40.7091907,-74.0015206,New York,USA,OpenStreetMap (leisure=dog_park),0.85,315404577
Dog Park 328281970,40.6927366,-74.0000328,New York,USA,OpenStreetMap (leisure=dog_park),0.85,328281970
Washington Square Park Dog Run,40.7306583,-73.9984529,New York,USA,OpenStreetMap (leisure=dog_park),0.85,336863051
Union Square Dog Run,40.7355863,-73.9909656,New York,USA,OpenStreetMap (leisure=dog_park),0.85,337324535
Parks Dog Run,40.704368,-74.0058102,New York,USA,OpenStreetMap (leisure=dog_park),0.85,338078874
Dog Park 354426534,40.7106931,-74.0695262,New York,USA,OpenStreetMap (leisure=dog_park),0.85,354426534
Dog Beach,40.6625431,-73.9718868,New York,USA,OpenStreetMap (leisure=dog_park),0.85,374849577
Dog Park 382453227,40.7433358,-73.9602285,New York,USA,OpenStreetMap (leisure=dog_park),0.85,382453227
Dog Park 383291877,40.7200863,-73.952926,New York,USA,OpenStreetMap (leisure=dog_park),0.85,383291877
Pier 84 Dog Park,40.763491,-74.0004121,New York,USA,OpenStreetMap (leisure=dog_park),0.85,414024015
Dog Park 450283316,40.751607,-74.0233571,New York,USA,OpenStreetMap (leisure=dog_park),0.85,450283316
Dog Park 469558966,40.7515392,-74.0386208,New York,USA,OpenStreetMap (leisure=dog_park),0.85,469558966
Dog Park 486685358,40.7822765,-74.0275216,New York,USA,OpenStreetMap (leisure=dog_park),0.85,486685358
Dog Park 517777332,40.7233022,-73.9435548,New York,USA,OpenStreetMap (leisure=dog_park),0.85,517777332
Dog Park 538396184,40.6898775,-73.947817,New York,USA,OpenStreetMap (leisure=dog_park),0.85,538396184
Dog Park 547006252,40.746957,-73.9559777,New York,USA,OpenStreetMap (leisure=dog_park),0.85,547006252
Church Square Park Dog Playpen,40.7421893,-74.0329511,New York,USA,OpenStreetMap (leisure=dog_park),0.85,551175116
Dog Park 553324182,40.7486787,-74.0239467,New York,USA,OpenStreetMap (leisure=dog_park),0.85,553324182
Dog Park 555581765,40.7286342,-74.0314523,New York,USA,OpenStreetMap (leisure=dog_park),0.85,555581765
Viaduct Dog Park,40.7547119,-74.034665,New York,USA,OpenStreetMap (leisure=dog_park),0.85,560369697
Dog Park 580533528,40.748741,-74.0253536,New York,USA,OpenStreetMap (leisure=dog_park),0.85,580533528
Willowtown Dog Run,40.6923654,-73.9990782,New York,USA,OpenStreetMap (leisure=dog_park),0.85,614971103
Chelsea Waterside Dog Park,40.7487033,-74.007474,New York,USA,OpenStreetMap (leisure=dog_park),0.85,617506891
Dog Park 625961028,40.77758,-74.0134748,New York,USA,OpenStreetMap (leisure=dog_park),0.85,625961028
Dog Park 641069196,40.6610328,-73.9880649,New York,USA,OpenStreetMap (leisure=dog_park),0.85,641069196
Dog Park 656886452,40.7370079,-74.0666979,New York,USA,OpenStreetMap (leisure=dog_park),0.85,656886452
Dog Park 673703760,40.6729028,-73.985835,New York,USA,OpenStreetMap (leisure=dog_park),0.85,673703760
Dog Park 680460185,40.7382402,-74.0471475,New York,USA,OpenStreetMap (leisure=dog_park),0.85,680460185
Peter Detmold Park Dog Run,40.7537307,-73.9635697,New York,USA,OpenStreetMap (leisure=dog_park),0.85,683460865
Small Dog Run,40.7277735,-74.0446965,New York,USA,OpenStreetMap (leisure=dog_park),0.85,690615849
Large Dog Run,40.7274396,-74.044706,New York,USA,OpenStreetMap (leisure=dog_park),0.85,690615850
Dog Park 702695225,40.74799,-73.9554047,New York,USA,OpenStreetMap (leisure=dog_park),0.85,702695225
Kensington Dog Run,40.6490762,-73.9713293,New York,USA,OpenStreetMap (leisure=dog_park),0.85,714776545
Dog Park 717957767,40.7215477,-73.9609559,New York,USA,OpenStreetMap (leisure=dog_park),0.85,717957767
2nd & Hudson Street Dog Park,40.7381436,-74.0293664,New York,USA,OpenStreetMap (leisure=dog_park),0.85,725435395
Dog Park 726936056,40.7719423,-74.0122757,New York,USA,OpenStreetMap (leisure=dog_park),0.85,726936056
Van Vorst Park Dog Run,40.7182893,-74.0472735,New York,USA,OpenStreetMap (leisure=dog_park),0.85,741915623
Dog Park 757985935,40.7381138,-74.0661837,New York,USA,OpenStreetMap (leisure=dog_park),0.85,757985935
Dog Park 765885097,40.7380148,-74.042119,New York,USA,OpenStreetMap (leisure=dog_park),0.85,765885097
Dog Park 832365277,40.7332437,-74.0495581,New York,USA,OpenStreetMap (leisure=dog_park),0.85,832365277
Robert Moses Playground Dog Run,40.7482584,-73.9689896,New York,USA,OpenStreetMap (leisure=dog_park),0.85,889673026
North End Avenue Dog Run,40.7167301,-74.0146769,New York,USA,OpenStreetMap (leisure=dog_park),0.85,891134386
Sirius Dog Run,40.7120151,-74.0169299,New York,USA,OpenStreetMap (leisure=dog_park),0.85,891134438
Greenwood Playground Dog Run,40.6493986,-73.9763517,New York,USA,OpenStreetMap (leisure=dog_park),0.85,997306758
Andrew Haswell Green Dog Park,40.7602391,-73.9568168,New York,USA,OpenStreetMap (leisure=dog_park),0.85,997819342
Small Dog Park,40.7764533,-73.9896483,New York,USA,OpenStreetMap (leisure=dog_park),0.85,1001492295
Large dog park,40.7765969,-73.9895465,New York,USA,OpenStreetMap (leisure=dog_park),0.85,1001492296
Dog Park 1016727644,40.7133014,-73.9686188,New York,USA,OpenStreetMap (leisure=dog_park),0.85,1016727644
Dog Park 1028241538,40.7372378,-73.9590597,New York,USA,OpenStreetMap (leisure=dog_park),0.85,1028241538
Dog Park 1041760677,40.7810003,-73.9498264,New York,USA,OpenStreetMap (leisure=dog_park),0.85,1041760677
Tribeca Dog Run,40.7162113,-74.0120888,New York,USA,OpenStreetMap (leisure=dog_park),0.85,1047418170
Dog Park 1051664012,40.7147901,-74.0455937,New York,USA,OpenStreetMap (leisure=dog_park),0.85,1051664012
Urby Dog Park,40.7204696,-74.0345067,New York,USA,OpenStreetMap (leisure=dog_park),0.85,1073218553
Professors' Dog Park,40.7212198,-74.0327729,New York,USA,OpenStreetMap (leisure=dog_park),0.85,1075378734
Soho Grand Dog Park,40.7224667,-74.0043457,New York,USA,OpenStreetMap (leisure=dog_park),0.85,1081291417
VYV Dog Park,40.723031,-74.0376963,New York,USA,OpenStreetMap (leisure=dog_park),0.85,1084078607
Dog Park 1102747534,40.7693904,-73.9413751,New York,USA,OpenStreetMap (leisure=dog_park),0.85,1102747534
Cobble Hill Dog Park,40.6903188,-73.9983451,New York,USA,OpenStreetMap (leisure=dog_park),0.85,1104830445
Riverside Park South Dog Run,40.7814605,-73.9871654,New York,USA,OpenStreetMap (leisure=dog_park),0.85,1110659775
Dog Park 1127943639,40.7676016,-73.9942689,New York,USA,OpenStreetMap (leisure=dog_park),0.85,1127943639
Cooper Park Dog Run,40.7154268,-73.9361214,New York,USA,OpenStreetMap (leisure=dog_park),0.85,1147069100
Dog Park 1154360063,40.7061779,-73.9467463,New York,USA,OpenStreetMap (leisure=dog_park),0.85,1154360063
Stuyvesant Park Dog Run,40.733198,-73.9837392,New York,USA,OpenStreetMap (leisure=dog_park),0.85,1154628504
Dog Park 1162572566,40.7144313,-73.952158,New York,USA,OpenStreetMap (leisure=dog_park),0.85,1162572566
Dog Park 1192727773,40.7088567,-73.9573917,New York,USA,OpenStreetMap (leisure=dog_park),0.85,1192727773
Astro's Community Dog Run,40.7581212,-73.9971052,New York,USA,OpenStreetMap (leisure=dog_park),0.85,1201839441
Dog Park 1211615323,40.7711459,-74.0263124,New York,USA,OpenStreetMap (leisure=dog_park),0.85,1211615323
Dog Park 1211615324,40.7709936,-74.0259841,New York,USA,OpenStreetMap (leisure=dog_park),0.85,1211615324
Gansevoort Peninsula Dog Park,40.7404483,-74.0106038,New York,USA,OpenStreetMap (leisure=dog_park),0.85,1213862026
Robin Kovary Run for Small Dogs,40.7301912,-73.9975449,New York,USA,OpenStreetMap (leisure=dog_park),0.85,1232818504
Coleman Oval Dog Run,40.7113093,-73.9932568,New York,USA,OpenStreetMap (leisure=dog_park),0.85,1239798104
Dog Park 1286970399,40.7346663,-74.0607705,New York,USA,OpenStreetMap (leisure=dog_park),0.85,1286970399
Battery Park Dog Park,40.7040231,-74.015484,New York,USA,OpenStreetMap (leisure=dog_park),0.85,1288980003
Dog Park 1289210263,40.6813025,-73.9701891,New York,USA,OpenStreetMap (leisure=dog_park),0.85,1289210263
Fort Greene Park,40.6905261,-73.9742211,New York,USA,OpenStreetMap (leisure=dog_park),0.85,1336678847
Dog Park 1358662341,40.7631811,-74.021223,New York,USA,OpenStreetMap (leisure=dog_park),0.85,1358662341
Dog Park 1415499085,40.7292076,-74.0514108,New York,USA,OpenStreetMap (leisure=dog_park),0.85,1415499085
Dog Park 1426291564,40.6914054,-73.9838467,New York,USA,OpenStreetMap (leisure=dog_park),0.85,1426291564
New Wave Pier Dog Run,40.7459182,-73.9697668,New York,USA,OpenStreetMap (leisure=dog_park),0.85,1445615993
New Wave Pier Small Dog Run,40.7461405,-73.9695636,New York,USA,OpenStreetMap (leisure=dog_park),0.85,1445615994
Sven Dog Park,40.7509118,-73.9362454,New York,USA,OpenStreetMap (leisure=dog_park),0.85,1458288080
Dog Park 1229112075,37.7361936,-122.4848346,San Francisco,USA,OpenStreetMap (leisure=dog_park),0.85,1229112075
Dog Park 11021366853,37.7872677,-122.3917161,San Francisco,USA,OpenStreetMap (leisure=dog_park),0.85,11021366853
McLaren Park Dog Play Area,37.7194526,-122.4187836,San Francisco,USA,OpenStreetMap (leisure=dog_park),0.85,13567393701
Corona Heights Dog Play Area,37.7655424,-122.4398144,San Francisco,USA,OpenStreetMap (leisure=dog_park),0.85,38025784
Mission Bay Dog Park,37.770686,-122.3991458,San Francisco,USA,OpenStreetMap (leisure=dog_park),0.85,56645382
Dog Park 128534082,37.7805666,-122.413677,San Francisco,USA,OpenStreetMap (leisure=dog_park),0.85,128534082
Rincon Hill Dog Park,37.7859383,-122.3904146,San Francisco,USA,OpenStreetMap (leisure=dog_park),0.85,174826283
Dog Park 249654585,37.7597544,-122.4364863,San Francisco,USA,OpenStreetMap (leisure=dog_park),0.85,249654585
Dog Play Area,37.7696327,-122.432351,San Francisco,USA,OpenStreetMap (leisure=dog_park),0.85,251442759
Dog Park 264552589,37.7403686,-122.3759672,San Francisco,USA,OpenStreetMap (leisure=dog_park),0.85,264552589
Walter Haas Dog Park,37.7404294,-122.435395,San Francisco,USA,OpenStreetMap (leisure=dog_park),0.85,375333476
Progress Park,37.7531898,-122.3910735,San Francisco,USA,OpenStreetMap (leisure=dog_park),0.85,382085619
Dog Park 395490068,37.70776,-122.4411533,San Francisco,USA,OpenStreetMap (leisure=dog_park),0.85,395490068
Dog Park 402067892,37.7327469,-122.4208916,San Francisco,USA,OpenStreetMap (leisure=dog_park),0.85,402067892
Joby's Dog Run,37.7424666,-122.4273908,San Francisco,USA,OpenStreetMap (leisure=dog_park),0.85,417184097
Dog Park 421567986,37.777249,-122.4061212,San Francisco,USA,OpenStreetMap (leisure=dog_park),0.85,421567986
Off-leash Dog Area,37.7149751,-122.4275938,San Francisco,USA,OpenStreetMap (leisure=dog_park),0.85,427290243
Buena Vista Dog Run,37.7687283,-122.442784,San Francisco,USA,OpenStreetMap (leisure=dog_park),0.85,480149175
Dog Park 547224409,37.7762441,-122.4353469,San Francisco,USA,OpenStreetMap (leisure=dog_park),0.85,547224409
Dog Park 551837087,37.7816627,-122.4263609,San Francisco,USA,OpenStreetMap (leisure=dog_park),0.85,551837087
Dog Park 551990539,37.8014687,-122.4323486,San Francisco,USA,OpenStreetMap (leisure=dog_park),0.85,551990539
Dog Park 573287809,37.7723632,-122.3935246,San Francisco,USA,OpenStreetMap (leisure=dog_park),0.85,573287809
Dog Park 576099480,37.7518902,-122.3929564,San Francisco,USA,OpenStreetMap (leisure=dog_park),0.85,576099480
Dog Park 577621111,37.7182896,-122.4812917,San Francisco,USA,OpenStreetMap (leisure=dog_park),0.85,577621111
Dog Park 847869212,37.7147146,-122.4764955,San Francisco,USA,OpenStreetMap (leisure=dog_park),0.85,847869212
Avalon Dogpatch Dog Park,37.7603216,-122.3918374,San Francisco,USA,OpenStreetMap (leisure=dog_park),0.85,908908429
SoMa West Dog Park,37.7702913,-122.4219889,San Francisco,USA,OpenStreetMap (leisure=dog_park),0.85,909411961
Daggett Plaza Dog Run,37.7670603,-122.3960562,San Francisco,USA,OpenStreetMap (leisure=dog_park),0.85,967119898
50 Jones Dog Jog,37.7816245,-122.4119056,San Francisco,USA,OpenStreetMap (leisure=dog_park),0.85,990987746
Pepi's Dog Park,37.8044894,-122.4211186,San Francisco,USA,OpenStreetMap (leisure=dog_park),0.85,1055773989
Dog Park 1056552552,37.7874567,-122.4668934,San Francisco,USA,OpenStreetMap (leisure=dog_park),0.85,1056552552
Dog Park 1075265279,37.7910988,-122.4268829,San Francisco,USA,OpenStreetMap (leisure=dog_park),0.85,1075265279
Dog Park 1099949743,37.7120695,-122.4650445,San Francisco,USA,OpenStreetMap (leisure=dog_park),0.85,1099949743
Upper Douglass Dog Play Area,37.7467953,-122.439075,San Francisco,USA,OpenStreetMap (leisure=dog_park),0.85,1119773696
Dog Park 1183848627,37.7882705,-122.4660803,San Francisco,USA,OpenStreetMap (leisure=dog_park),0.85,1183848627
The Rocks Dog Park,37.8107735,-122.3680329,San Francisco,USA,OpenStreetMap (leisure=dog_park),0.85,1232534974
Dog Park 1365464724,37.7760705,-122.3880762,San Francisco,USA,OpenStreetMap (leisure=dog_park),0.85,1365464724
Dog Park 1427215209,37.7792252,-122.4012086,San Francisco,USA,OpenStreetMap (leisure=dog_park),0.85,1427215209
Canvas LA Dog Park,34.0593211,-118.2534311,Los Angeles,USA,OpenStreetMap (leisure=dog_park),0.85,5394688230
Hermon Dog Park,34.1073896,-118.1852639,Los Angeles,USA,OpenStreetMap (leisure=dog_park),0.85,154972854
LAPD Lawn Park,34.0515858,-118.245002,Los Angeles,USA,OpenStreetMap (leisure=dog_park),0.85,192181276
Silver Lake Dog Park,34.0922605,-118.2645499,Los Angeles,USA,OpenStreetMap (leisure=dog_park),0.85,240887680
L.A. LIVE Dog Park,34.0456821,-118.2693342,Los Angeles,USA,OpenStreetMap (leisure=dog_park),0.85,356678085
Dog Park 958988203,34.0545502,-118.2434535,Los Angeles,USA,OpenStreetMap (leisure=dog_park),0.85,958988203
Dog Park 1155620902,34.048348,-118.2525032,Los Angeles,USA,OpenStreetMap (leisure=dog_park),0.85,1155620902
Ross Snyder Dog Park,34.0102786,-118.248396,Los Angeles,USA,OpenStreetMap (leisure=dog_park),0.85,1324885087
Dog Park 13639275748,41.930722,-87.6382402,Chicago,USA,OpenStreetMap (leisure=dog_park),0.85,13639275748
Belmont Harbor Dog Beach,41.9453114,-87.640325,Chicago,USA,OpenStreetMap (leisure=dog_park),0.85,23989865
Park No. 556,41.9275758,-87.6883365,Chicago,USA,OpenStreetMap (leisure=dog_park),0.85,34851617
Dog Park 133805074,41.8799521,-87.650571,Chicago,USA,OpenStreetMap (leisure=dog_park),0.85,133805074
Dog Park 156571387,41.8857073,-87.6184922,Chicago,USA,OpenStreetMap (leisure=dog_park),0.85,156571387
Wiggly Field Park,41.9305284,-87.6534295,Chicago,USA,OpenStreetMap (leisure=dog_park),0.85,158977042
Dog Park 206621731,41.9142415,-87.6767472,Chicago,USA,OpenStreetMap (leisure=dog_park),0.85,206621731
Fred Anderson Park,41.859482,-87.6251712,Chicago,USA,OpenStreetMap (leisure=dog_park),0.85,313782003
Ohio Place Dog Park,41.8923248,-87.6382452,Chicago,USA,OpenStreetMap (leisure=dog_park),0.85,346983725
Dog Park 346985162,41.8894028,-87.6253297,Chicago,USA,OpenStreetMap (leisure=dog_park),0.85,346985162
Dog Park 347372407,41.9074097,-87.6752209,Chicago,USA,OpenStreetMap (leisure=dog_park),0.85,347372407
Grant Bark Park,41.8703794,-87.6217687,Chicago,USA,OpenStreetMap (leisure=dog_park),0.85,349234970
Dog Park 349236432,41.8621333,-87.6264805,Chicago,USA,OpenStreetMap (leisure=dog_park),0.85,349236432
Dog Park 349238237,41.9360604,-87.6803204,Chicago,USA,OpenStreetMap (leisure=dog_park),0.85,349238237
Dog Park 349239805,41.8886009,-87.6432248,Chicago,USA,OpenStreetMap (leisure=dog_park),0.85,349239805
Park No. 569,41.8806153,-87.6616835,Chicago,USA,OpenStreetMap (leisure=dog_park),0.85,349239969
Dog Park 349242647,41.9140276,-87.668131,Chicago,USA,OpenStreetMap (leisure=dog_park),0.85,349242647
Larrabee Dog Park,41.8942958,-87.6432427,Chicago,USA,OpenStreetMap (leisure=dog_park),0.85,349242662
Dog Park 352376730,41.8869453,-87.6186173,Chicago,USA,OpenStreetMap (leisure=dog_park),0.85,352376730
Dog Park 357516252,41.89629,-87.6418294,Chicago,USA,OpenStreetMap (leisure=dog_park),0.85,357516252
Dog Park 362102149,41.8922137,-87.6178432,Chicago,USA,OpenStreetMap (leisure=dog_park),0.85,362102149
Dog Park 405326802,41.8115182,-87.5957649,Chicago,USA,OpenStreetMap (leisure=dog_park),0.85,405326802
Dog Park 438978486,41.8604401,-87.621197,Chicago,USA,OpenStreetMap (leisure=dog_park),0.85,438978486
Dog Park 568289279,41.8761085,-87.6506971,Chicago,USA,OpenStreetMap (leisure=dog_park),0.85,568289279
Park No. 591,41.82455,-87.6040002,Chicago,USA,OpenStreetMap (leisure=dog_park),0.85,736330511
Dog Park 736330515,41.8225448,-87.622057,Chicago,USA,OpenStreetMap (leisure=dog_park),0.85,736330515
Park No. 592,41.818695,-87.6133279,Chicago,USA,OpenStreetMap (leisure=dog_park),0.85,736330517
D'Angelo Dog Park,41.8759438,-87.6356536,Chicago,USA,OpenStreetMap (leisure=dog_park),0.85,747160822
Dog Park 787821282,41.8952803,-87.6338767,Chicago,USA,OpenStreetMap (leisure=dog_park),0.85,787821282
Dog Park 1021573730,41.8607443,-87.6464275,Chicago,USA,OpenStreetMap (leisure=dog_park),0.85,1021573730
Dog Park 1022745084,41.8912689,-87.6166687,Chicago,USA,OpenStreetMap (leisure=dog_park),0.85,1022745084
Dog Park 1076970998,41.8885701,-87.646876,Chicago,USA,OpenStreetMap (leisure=dog_park),0.85,1076970998
Dog Park 1118495190,41.8696003,-87.6318169,Chicago,USA,OpenStreetMap (leisure=dog_park),0.85,1118495190
Dog Park 1155642951,41.8851579,-87.6625967,Chicago,USA,OpenStreetMap (leisure=dog_park),0.85,1155642951
Dog Park 1158236613,41.949557,-87.645341,Chicago,USA,OpenStreetMap (leisure=dog_park),0.85,1158236613
Dog Park 1200048584,41.8748594,-87.6742612,Chicago,USA,OpenStreetMap (leisure=dog_park),0.85,1200048584
Dog Park 1209461310,41.8706081,-87.6322699,Chicago,USA,OpenStreetMap (leisure=dog_park),0.85,1209461310
Prarie District Dog Park,41.8545972,-87.620083,Chicago,USA,OpenStreetMap (leisure=dog_park),0.85,1359414391
Dog Park 1476260578,41.8879248,-87.6547346,Chicago,USA,OpenStreetMap (leisure=dog_park),0.85,1476260578
I-5 Colonnade Off-Leash Area,47.6348256,-122.3237465,Seattle,USA,OpenStreetMap (leisure=dog_park),0.85,3468525549
Jose Rizal Dog Park,47.5931845,-122.3184367,Seattle,USA,OpenStreetMap (leisure=dog_park),0.85,26398063
Regrade Park,47.6143293,-122.3447531,Seattle,USA,OpenStreetMap (leisure=dog_park),0.85,37114650
Genesee Dog Park,47.5634041,-122.2766742,Seattle,USA,OpenStreetMap (leisure=dog_park),0.85,160980417
Woodland Park Off-Leash Dog Park,47.6700971,-122.3444423,Seattle,USA,OpenStreetMap (leisure=dog_park),0.85,220404009
Magnolia Manor Dog Park,47.6516008,-122.3924115,Seattle,USA,OpenStreetMap (leisure=dog_park),0.85,295044076
South Lake Union Dog Park,47.6194078,-122.3410929,Seattle,USA,OpenStreetMap (leisure=dog_park),0.85,362486894
Day 1 Dog Park,47.615732,-122.3398787,Seattle,USA,OpenStreetMap (leisure=dog_park),0.85,398955977
Dog Park 434710974,47.6143687,-122.3290269,Seattle,USA,OpenStreetMap (leisure=dog_park),0.85,434710974
Youngstown Flats Dog Run Feature,47.5674446,-122.3649711,Seattle,USA,OpenStreetMap (leisure=dog_park),0.85,473252197
Dog Park 474110657,47.6339595,-122.345037,Seattle,USA,OpenStreetMap (leisure=dog_park),0.85,474110657
Blue Dog Pond - Dog Park,47.5890037,-122.2984116,Seattle,USA,OpenStreetMap (leisure=dog_park),0.85,481142081
Kinnear Dog Park,47.626935,-122.3676761,Seattle,USA,OpenStreetMap (leisure=dog_park),0.85,633523734
Denny Substation Dog Park,47.6191148,-122.3326644,Seattle,USA,OpenStreetMap (leisure=dog_park),0.85,772562341
Dog Yard Bar,47.6639174,-122.3781636,Seattle,USA,OpenStreetMap (leisure=dog_park),0.85,909788856
Construction Site Dog Park,47.6082518,-122.3034362,Seattle,USA,OpenStreetMap (leisure=dog_park),0.85,1257534309
Growlerz Seattle,47.5540051,-122.2816213,Seattle,USA,OpenStreetMap (leisure=dog_park),0.85,1357066520
Charlesgate Dog Park,42.3490049,-71.0922549,Boston,USA,OpenStreetMap (leisure=dog_park),0.85,7768321149
Carleton Court Dog Park,42.3453214,-71.0787503,Boston,USA,OpenStreetMap (leisure=dog_park),0.85,7857858749
Park-9 Dog Bar,42.4078982,-71.0647149,Boston,USA,OpenStreetMap (leisure=dog_park),0.85,12181127234
Park-9 Dog Bar,42.4077389,-71.0647575,Boston,USA,OpenStreetMap (leisure=dog_park),0.85,29568255
Dog Park 29834883,42.405257,-71.0526382,Boston,USA,OpenStreetMap (leisure=dog_park),0.85,29834883
Beecher St Play Area,42.3181807,-71.1068863,Boston,USA,OpenStreetMap (leisure=dog_park),0.85,29837081
Zero New Washington St Dog Park,42.3800484,-71.0823789,Boston,USA,OpenStreetMap (leisure=dog_park),0.85,133528401
Nunziato Field Dog Park,42.3829496,-71.0987542,Boston,USA,OpenStreetMap (leisure=dog_park),0.85,133532399
Pacific Street Dog Park,42.3606681,-71.1038153,Boston,USA,OpenStreetMap (leisure=dog_park),0.85,133534919
Joe Wex Dog Recreation Space,42.3426434,-71.0676394,Boston,USA,OpenStreetMap (leisure=dog_park),0.85,133535657
Mansfield Dog Park,42.3569047,-71.1306771,Boston,USA,OpenStreetMap (leisure=dog_park),0.85,257042458
Bremen Street Dog Park,42.3725114,-71.0340882,Boston,USA,OpenStreetMap (leisure=dog_park),0.85,399656881
Paws N Play Dog Park,42.4214282,-71.0267964,Boston,USA,OpenStreetMap (leisure=dog_park),0.85,557154553
Pemberton Street Dog Run,42.3900682,-71.1283978,Boston,USA,OpenStreetMap (leisure=dog_park),0.85,594371747
Lincoln Park Off-Leash Area,42.378258,-71.1012638,Boston,USA,OpenStreetMap (leisure=dog_park),0.85,648600795
Dog Park 653381630,42.3537916,-71.0651671,Boston,USA,OpenStreetMap (leisure=dog_park),0.85,653381630
Dog Park 653381631,42.3549559,-71.065668,Boston,USA,OpenStreetMap (leisure=dog_park),0.85,653381631
Dog Park 667956545,42.4100338,-71.0482393,Boston,USA,OpenStreetMap (leisure=dog_park),0.85,667956545
Dog Park 699582637,42.3870216,-71.0456051,Boston,USA,OpenStreetMap (leisure=dog_park),0.85,699582637
Dog Park 733432535,42.3668113,-71.081243,Boston,USA,OpenStreetMap (leisure=dog_park),0.85,733432535
Dog Park 748822176,42.3687683,-71.042051,Boston,USA,OpenStreetMap (leisure=dog_park),0.85,748822176
Dog Park 813710228,42.3661155,-71.0397497,Boston,USA,OpenStreetMap (leisure=dog_park),0.85,813710228
East First Street Dog Park,42.3384022,-71.0316724,Boston,USA,OpenStreetMap (leisure=dog_park),0.85,814434935
Dog Park 815553772,42.3630096,-71.0536015,Boston,USA,OpenStreetMap (leisure=dog_park),0.85,815553772
Dog Park 846599905,42.3557549,-71.0672077,Boston,USA,OpenStreetMap (leisure=dog_park),0.85,846599905
Dog Park 852229149,42.3447565,-71.0627406,Boston,USA,OpenStreetMap (leisure=dog_park),0.85,852229149
Dog Park 852229150,42.344722,-71.0625814,Boston,USA,OpenStreetMap (leisure=dog_park),0.85,852229150
Dog Park 857582183,42.3495131,-71.0662791,Boston,USA,OpenStreetMap (leisure=dog_park),0.85,857582183
Puddingstone Dog Park,42.3320085,-71.1036903,Boston,USA,OpenStreetMap (leisure=dog_park),0.85,972947315
Dog Park 1001791943,42.3220751,-71.1103039,Boston,USA,OpenStreetMap (leisure=dog_park),0.85,1001791943
Dog Park 1054202045,42.4105461,-71.0999556,Boston,USA,OpenStreetMap (leisure=dog_park),0.85,1054202045
Dog Park 1054202046,42.4101335,-71.1000396,Boston,USA,OpenStreetMap (leisure=dog_park),0.85,1054202046
Dog Park @ The Track,42.3921061,-71.0004558,Boston,USA,OpenStreetMap (leisure=dog_park),0.85,1107428706
Child Street Dog Park,42.3716637,-71.0723642,Boston,USA,OpenStreetMap (leisure=dog_park),0.85,1153087746
Dog Park 1195445839,42.3949827,-71.0776526,Boston,USA,OpenStreetMap (leisure=dog_park),0.85,1195445839
Dog Park 1197235265,42.3734001,-71.079583,Boston,USA,OpenStreetMap (leisure=dog_park),0.85,1197235265
Dog Park 1215634617,42.3931507,-71.1070372,Boston,USA,OpenStreetMap (leisure=dog_park),0.85,1215634617
Dog Park 1215881075,42.3665605,-71.1311793,Boston,USA,OpenStreetMap (leisure=dog_park),0.85,1215881075
Amory Playground Green Dog Park,42.3461374,-71.1130941,Boston,USA,OpenStreetMap (leisure=dog_park),0.85,1226583832
RUFF North End,42.3668403,-71.0567943,Boston,USA,OpenStreetMap (leisure=dog_park),0.85,1303502584
Dog Park 1313389567,42.4017456,-71.1100071,Boston,USA,OpenStreetMap (leisure=dog_park),0.85,1313389567
Park-9 @ The Station,42.3430084,-71.1019407,Boston,USA,OpenStreetMap (leisure=dog_park),0.85,1313554459
Dog Park 1316975922,42.3664411,-71.0889724,Boston,USA,OpenStreetMap (leisure=dog_park),0.85,1316975922
Fitzhenry Square Dog Park,42.4061496,-70.9952968,Boston,USA,OpenStreetMap (leisure=dog_park),0.85,1343523057
Dog Park 1362680268,42.399654,-71.0452465,Boston,USA,OpenStreetMap (leisure=dog_park),0.85,1362680268
Dog Park 1363177699,42.4015118,-71.0536016,Boston,USA,OpenStreetMap (leisure=dog_park),0.85,1363177699
Station Landing Dog Park,42.401116,-71.081524,Boston,USA,OpenStreetMap (leisure=dog_park),0.85,1378110041
Bay Village Dog Park,42.3497811,-71.0662657,Boston,USA,OpenStreetMap (leisure=dog_park),0.85,1396723811
Dog Park @ The Yard,42.3980929,-70.9939046,Boston,USA,OpenStreetMap (leisure=dog_park),0.85,1412390775
Dog Park 1463028941,42.3798919,-71.0719864,Boston,USA,OpenStreetMap (leisure=dog_park),0.85,1463028941
Leash-free zone,43.6719551,-79.3574099,Toronto,Canada,OpenStreetMap (leisure=dog_park),0.85,4980649008
Leash-free zone,43.670419,-79.4150841,Toronto,Canada,OpenStreetMap (leisure=dog_park),0.85,4980649015
Leash-free zone,43.6662933,-79.3588897,Toronto,Canada,OpenStreetMap (leisure=dog_park),0.85,4980649017
Small Area for Dog Playing,43.6560433,-79.389977,Toronto,Canada,OpenStreetMap (leisure=dog_park),0.85,12769371164
Dog Park 12987782919,43.6997076,-79.3599673,Toronto,Canada,OpenStreetMap (leisure=dog_park),0.85,12987782919
Dogs Off-Leash Area,43.6601407,-79.418377,Toronto,Canada,OpenStreetMap (leisure=dog_park),0.85,4300557
Leash-free zone,43.6665883,-79.3800926,Toronto,Canada,OpenStreetMap (leisure=dog_park),0.85,147384954
Dog Park 174487972,43.6337831,-79.4037833,Toronto,Canada,OpenStreetMap (leisure=dog_park),0.85,174487972
Dog Park 202223414,43.6638174,-79.3859904,Toronto,Canada,OpenStreetMap (leisure=dog_park),0.85,202223414
Dog Park 220509742,43.6678181,-79.3289448,Toronto,Canada,OpenStreetMap (leisure=dog_park),0.85,220509742
Dog Park 265632385,43.691943,-79.4291109,Toronto,Canada,OpenStreetMap (leisure=dog_park),0.85,265632385
Dog Park 327006126,43.6439276,-79.3935221,Toronto,Canada,OpenStreetMap (leisure=dog_park),0.85,327006126
Earlscourt Park Off-Leash Area,43.6719849,-79.4492325,Toronto,Canada,OpenStreetMap (leisure=dog_park),0.85,353317790
Orphan's Greenspace,43.6546327,-79.362419,Toronto,Canada,OpenStreetMap (leisure=dog_park),0.85,360806952
Cherry Beach Off Leash Dog Park,43.6349912,-79.3464236,Toronto,Canada,OpenStreetMap (leisure=dog_park),0.85,368203679
Dog Park 424199765,43.6414692,-79.4091181,Toronto,Canada,OpenStreetMap (leisure=dog_park),0.85,424199765
Dog Park 442508006,43.6462722,-79.399399,Toronto,Canada,OpenStreetMap (leisure=dog_park),0.85,442508006
Dog Park 490217519,43.648813,-79.4428503,Toronto,Canada,OpenStreetMap (leisure=dog_park),0.85,490217519
Dog Park 531996102,43.6410824,-79.4257614,Toronto,Canada,OpenStreetMap (leisure=dog_park),0.85,531996102
Dog Park 665161130,43.6597155,-79.3765752,Toronto,Canada,OpenStreetMap (leisure=dog_park),0.85,665161130
Dog Park 680704655,43.648273,-79.3746284,Toronto,Canada,OpenStreetMap (leisure=dog_park),0.85,680704655
Leash-free zone,43.6740423,-79.3469247,Toronto,Canada,OpenStreetMap (leisure=dog_park),0.85,683730457
Dog Park 684881196,43.6401493,-79.4152963,Toronto,Canada,OpenStreetMap (leisure=dog_park),0.85,684881196
Dog Park 684881550,43.6391245,-79.3970803,Toronto,Canada,OpenStreetMap (leisure=dog_park),0.85,684881550
Dogs Off-Leash Area,43.6762738,-79.4242024,Toronto,Canada,OpenStreetMap (leisure=dog_park),0.85,684945621
Dog Park 684947343,43.679367,-79.4243561,Toronto,Canada,OpenStreetMap (leisure=dog_park),0.85,684947343
Sunnybrook Dog Park,43.7221398,-79.3658078,Toronto,Canada,OpenStreetMap (leisure=dog_park),0.85,685287384
Dogs Off-Leash Park,43.6813036,-79.3124456,Toronto,Canada,OpenStreetMap (leisure=dog_park),0.85,685829419
Dogs Off-Leash Area,43.6994983,-79.3144647,Toronto,Canada,OpenStreetMap (leisure=dog_park),0.85,686029614
Dog Park 686055888,43.659296,-79.3506309,Toronto,Canada,OpenStreetMap (leisure=dog_park),0.85,686055888
Leash-free zone,43.652045,-79.3923777,Toronto,Canada,OpenStreetMap (leisure=dog_park),0.85,691478334
Leash-free zone,43.6625205,-79.3747312,Toronto,Canada,OpenStreetMap (leisure=dog_park),0.85,699438877
Dog Park 801930519,43.6649774,-79.3378404,Toronto,Canada,OpenStreetMap (leisure=dog_park),0.85,801930519
Dog Park 810606668,43.6557669,-79.354048,Toronto,Canada,OpenStreetMap (leisure=dog_park),0.85,810606668
Dog Park 832350133,43.6453464,-79.3626431,Toronto,Canada,OpenStreetMap (leisure=dog_park),0.85,832350133
Dog Park 867727073,43.7238645,-79.4295474,Toronto,Canada,OpenStreetMap (leisure=dog_park),0.85,867727073
Dog Park 879396101,43.6675029,-79.3421397,Toronto,Canada,OpenStreetMap (leisure=dog_park),0.85,879396101
Dog Park 890898242,43.6828054,-79.3670795,Toronto,Canada,OpenStreetMap (leisure=dog_park),0.85,890898242
Dog Park 909417473,43.6974359,-79.3708889,Toronto,Canada,OpenStreetMap (leisure=dog_park),0.85,909417473
Dog Park 931805186,43.6777585,-79.3246542,Toronto,Canada,OpenStreetMap (leisure=dog_park),0.85,931805186
Dog Park 979913845,43.6607337,-79.3628929,Toronto,Canada,OpenStreetMap (leisure=dog_park),0.85,979913845
Dog Park 981872361,43.7014584,-79.3318819,Toronto,Canada,OpenStreetMap (leisure=dog_park),0.85,981872361
Dog Park 1071393475,43.6478896,-79.4316539,Toronto,Canada,OpenStreetMap (leisure=dog_park),0.85,1071393475
The Dog Bowl,43.6485563,-79.4148105,Toronto,Canada,OpenStreetMap (leisure=dog_park),0.85,1071397925
Dog Park 1112306299,43.7062382,-79.3938912,Toronto,Canada,OpenStreetMap (leisure=dog_park),0.85,1112306299
The Pocket,43.6777278,-79.3344199,Toronto,Canada,OpenStreetMap (leisure=dog_park),0.85,1121918606
Dog Park 1208206013,43.6764636,-79.3960336,Toronto,Canada,OpenStreetMap (leisure=dog_park),0.85,1208206013
Dog Park 1209203857,43.6825458,-79.4097438,Toronto,Canada,OpenStreetMap (leisure=dog_park),0.85,1209203857
Dog Park 1290753858,43.641063,-79.3797922,Toronto,Canada,OpenStreetMap (leisure=dog_park),0.85,1290753858
Dog Park 1418542004,43.6461624,-79.349499,Toronto,Canada,OpenStreetMap (leisure=dog_park),0.85,1418542004
Dog Park 1419966624,43.6450471,-79.3523704,Toronto,Canada,OpenStreetMap (leisure=dog_park),0.85,1419966624
Dog Park 1433937924,43.6583626,-79.3589518,Toronto,Canada,OpenStreetMap (leisure=dog_park),0.85,1433937924
Dog Park 11889361830,49.2359557,-123.0667067,Vancouver,Canada,OpenStreetMap (leisure=dog_park),0.85,11889361830
Off-Leash Dog Park for Small and Shy Dogs,49.2581921,-123.1430447,Vancouver,Canada,OpenStreetMap (leisure=dog_park),0.85,13157259202
Off-Leash Dog Park,49.2583421,-123.1431829,Vancouver,Canada,OpenStreetMap (leisure=dog_park),0.85,13157265801
Dog Park 52250411,49.2573858,-123.0620529,Vancouver,Canada,OpenStreetMap (leisure=dog_park),0.85,52250411
Hadden Beach,49.2783051,-123.1491819,Vancouver,Canada,OpenStreetMap (leisure=dog_park),0.85,86339833
Nelson Park Dog Park,49.2830364,-123.1304865,Vancouver,Canada,OpenStreetMap (leisure=dog_park),0.85,124591585
Off Leash Area,49.2770996,-123.1237064,Vancouver,Canada,OpenStreetMap (leisure=dog_park),0.85,241416707
Georgia Dog Park,49.2908566,-123.1317423,Vancouver,Canada,OpenStreetMap (leisure=dog_park),0.85,311593037
Dog Park 363061599,49.2712126,-123.1109476,Vancouver,Canada,OpenStreetMap (leisure=dog_park),0.85,363061599
Dog Park 388154302,49.2302234,-123.1896938,Vancouver,Canada,OpenStreetMap (leisure=dog_park),0.85,388154302
Dog Park 436817093,49.2672123,-123.124556,Vancouver,Canada,OpenStreetMap (leisure=dog_park),0.85,436817093
Dog Park 525281638,49.2471114,-123.0738832,Vancouver,Canada,OpenStreetMap (leisure=dog_park),0.85,525281638
Dog Park 601413950,49.2377765,-123.1110002,Vancouver,Canada,OpenStreetMap (leisure=dog_park),0.85,601413950
Dog Park 749645393,49.2676591,-123.1227469,Vancouver,Canada,OpenStreetMap (leisure=dog_park),0.85,749645393
Dog Park 752850321,49.2768478,-123.1238571,Vancouver,Canada,OpenStreetMap (leisure=dog_park),0.85,752850321
Dog Park 760417513,49.2916099,-123.0501914,Vancouver,Canada,OpenStreetMap (leisure=dog_park),0.85,760417513
Dog Park 761294348,49.2850751,-123.1011333,Vancouver,Canada,OpenStreetMap (leisure=dog_park),0.85,761294348
Coopers' Park - Dog Off-leash Area,49.2735371,-123.1132518,Vancouver,Canada,OpenStreetMap (leisure=dog_park),0.85,790939569
Dog Park 793370079,49.2685273,-123.0963406,Vancouver,Canada,OpenStreetMap (leisure=dog_park),0.85,793370079
Dog Park 822687171,49.2827113,-123.0588546,Vancouver,Canada,OpenStreetMap (leisure=dog_park),0.85,822687171
Dog Park 1125230256,49.3125927,-123.0847183,Vancouver,Canada,OpenStreetMap (leisure=dog_park),0.85,1125230256
Dog Park 1189064977,49.3134978,-123.1000594,Vancouver,Canada,OpenStreetMap (leisure=dog_park),0.85,1189064977
Dog Park 1216086810,49.3176771,-123.0721571,Vancouver,Canada,OpenStreetMap (leisure=dog_park),0.85,1216086810
Dog Park 1236234674,49.2680324,-123.1040486,Vancouver,Canada,OpenStreetMap (leisure=dog_park),0.85,1236234674
Dog Park 1286074623,49.2950228,-123.1344017,Vancouver,Canada,OpenStreetMap (leisure=dog_park),0.85,1286074623
Dog Park 1391979565,49.2548015,-123.1217741,Vancouver,Canada,OpenStreetMap (leisure=dog_park),0.85,1391979565
Dog Park 1457604517,49.2441774,-123.0583711,Vancouver,Canada,OpenStreetMap (leisure=dog_park),0.85,1457604517
Dog Park 1457650164,49.2442048,-123.0579672,Vancouver,Canada,OpenStreetMap (leisure=dog_park),0.85,1457650164
Dog Park 3975318048,51.5382575,-0.1009815,London,UK,OpenStreetMap (leisure=dog_park),0.85,3975318048
Dog Park 4883636477,51.4856153,-0.0560675,London,UK,OpenStreetMap (leisure=dog_park),0.85,4883636477
Dog Park 12651935357,51.4962521,-0.1077223,London,UK,OpenStreetMap (leisure=dog_park),0.85,12651935357
Dog Park 26455153,51.4467742,-0.1216546,London,UK,OpenStreetMap (leisure=dog_park),0.85,26455153
Newington Gardens Dog Area,51.4984186,-0.0952599,London,UK,OpenStreetMap (leisure=dog_park),0.85,44425765
Dog Park 246212257,51.5317381,-0.190845,London,UK,OpenStreetMap (leisure=dog_park),0.85,246212257
Dog Park 246212259,51.5289108,-0.1923034,London,UK,OpenStreetMap (leisure=dog_park),0.85,246212259
Dog Park 246212265,51.5297803,-0.1889901,London,UK,OpenStreetMap (leisure=dog_park),0.85,246212265
Dog Park 386522107,51.5180582,-0.0695138,London,UK,OpenStreetMap (leisure=dog_park),0.85,386522107
Dog Park 415304947,51.4679962,-0.1945871,London,UK,OpenStreetMap (leisure=dog_park),0.85,415304947
Dog Park 433225932,51.4625109,-0.0817324,London,UK,OpenStreetMap (leisure=dog_park),0.85,433225932
Dog Park 435111494,51.4743133,-0.1961096,London,UK,OpenStreetMap (leisure=dog_park),0.85,435111494
Dog Park 461364597,51.468329,-0.1054285,London,UK,OpenStreetMap (leisure=dog_park),0.85,461364597
Dog Park 461671433,51.4819668,-0.1102175,London,UK,OpenStreetMap (leisure=dog_park),0.85,461671433
Dog Park 481676043,51.4614697,-0.1288553,London,UK,OpenStreetMap (leisure=dog_park),0.85,481676043
Dog Park 519423019,51.4832517,-0.1230185,London,UK,OpenStreetMap (leisure=dog_park),0.85,519423019
Dog Park 937422473,51.4921582,-0.1119433,London,UK,OpenStreetMap (leisure=dog_park),0.85,937422473
Dog Park 978645621,51.4804117,-0.146854,London,UK,OpenStreetMap (leisure=dog_park),0.85,978645621
Dog Park 978645622,51.4801939,-0.1465452,London,UK,OpenStreetMap (leisure=dog_park),0.85,978645622
Dog Park 978645623,51.4797687,-0.1465076,London,UK,OpenStreetMap (leisure=dog_park),0.85,978645623
St George's Square Dog Park,51.4861531,-0.1341798,London,UK,OpenStreetMap (leisure=dog_park),0.85,1012051871
Camden Square Dog Park,51.5445287,-0.132353,London,UK,OpenStreetMap (leisure=dog_park),0.85,1016900548
Dog Park 1017960349,51.5467295,-0.1339172,London,UK,OpenStreetMap (leisure=dog_park),0.85,1017960349
The Dog Pond,51.5613301,-0.1546874,London,UK,OpenStreetMap (leisure=dog_park),0.85,1042567900
Dog Park 1170409070,51.485118,-0.1075241,London,UK,OpenStreetMap (leisure=dog_park),0.85,1170409070
Dog Park 1174405832,51.4862196,-0.0999499,London,UK,OpenStreetMap (leisure=dog_park),0.85,1174405832
Dog Park 1174405834,51.4858902,-0.1002219,London,UK,OpenStreetMap (leisure=dog_park),0.85,1174405834
Dog Park 1174405836,51.4856441,-0.1006936,London,UK,OpenStreetMap (leisure=dog_park),0.85,1174405836
Dog Park 1181815098,51.4951976,-0.108441,London,UK,OpenStreetMap (leisure=dog_park),0.85,1181815098
Dog pool,51.5619864,-0.1741956,London,UK,OpenStreetMap (leisure=dog_park),0.85,1186562118
Myatt Fields Dog Park,51.47483,-0.1033593,London,UK,OpenStreetMap (leisure=dog_park),0.85,1213872971
Hundegarten Moabit,52.5293501,13.3577201,Berlin,Germany,OpenStreetMap (leisure=dog_park),0.85,5754872744
Dog Park 49206047,52.5414129,13.4048501,Berlin,Germany,OpenStreetMap (leisure=dog_park),0.85,49206047
Dog Park 59033967,52.4699892,13.3912602,Berlin,Germany,OpenStreetMap (leisure=dog_park),0.85,59033967
Dog Park 59033969,52.4762354,13.4139067,Berlin,Germany,OpenStreetMap (leisure=dog_park),0.85,59033969
Dog Park 59478379,52.4703274,13.4157342,Berlin,Germany,OpenStreetMap (leisure=dog_park),0.85,59478379
Hundeauslauf,52.4868119,13.4140745,Berlin,Germany,OpenStreetMap (leisure=dog_park),0.85,83106451
Volkspark Friedrichshain Hundeplatz,52.5266003,13.4409708,Berlin,Germany,OpenStreetMap (leisure=dog_park),0.85,108804960
Hundeplatz Revaler Straße,52.5070105,13.4582636,Berlin,Germany,OpenStreetMap (leisure=dog_park),0.85,123019433
Dog Park 167906720,52.4791017,13.3562394,Berlin,Germany,OpenStreetMap (leisure=dog_park),0.85,167906720
Hundeauslaufgebiet Fennpfuhlpark,52.5302876,13.4737927,Berlin,Germany,OpenStreetMap (leisure=dog_park),0.85,172077472
Dog Park 273174971,52.4966326,13.3724704,Berlin,Germany,OpenStreetMap (leisure=dog_park),0.85,273174971
Dog Park 356890996,52.4968016,13.3995618,Berlin,Germany,OpenStreetMap (leisure=dog_park),0.85,356890996
Dog Park 506236351,52.4718269,13.4253396,Berlin,Germany,OpenStreetMap (leisure=dog_park),0.85,506236351
Dog Park 530432720,52.5665163,13.365156,Berlin,Germany,OpenStreetMap (leisure=dog_park),0.85,530432720
Hundewiese Berlin Weiße Siedlung,52.4726854,13.4657431,Berlin,Germany,OpenStreetMap (leisure=dog_park),0.85,608111258
Hundetoilette,52.4993666,13.3934928,Berlin,Germany,OpenStreetMap (leisure=dog_park),0.85,614979576
Hundeauslaufgebiet Treptow-Köpenick,52.4594751,13.4774753,Berlin,Germany,OpenStreetMap (leisure=dog_park),0.85,668108711
Kleiner Feigling,52.4860411,13.4207314,Berlin,Germany,OpenStreetMap (leisure=dog_park),0.85,791601210
Dog Park 898574134,52.5362779,13.4462381,Berlin,Germany,OpenStreetMap (leisure=dog_park),0.85,898574134
Dog Park 977046596,52.4940481,13.4429922,Berlin,Germany,OpenStreetMap (leisure=dog_park),0.85,977046596
Hundegarten im Schäferseepark,52.566288,13.3581557,Berlin,Germany,OpenStreetMap (leisure=dog_park),0.85,1053691209
Stralauer Platz Hundeauslauf,52.5098064,13.4315464,Berlin,Germany,OpenStreetMap (leisure=dog_park),0.85,1053950766
Dog Park 1115096868,52.4603297,13.412424,Berlin,Germany,OpenStreetMap (leisure=dog_park),0.85,1115096868
Hundegarten Alt-Reinickendorf,52.5767226,13.3484306,Berlin,Germany,OpenStreetMap (leisure=dog_park),0.85,1116347820
Weidenweg Hundeauslauf,52.5173958,13.449056,Berlin,Germany,OpenStreetMap (leisure=dog_park),0.85,1158920461
Dog Park 1303111120,52.4930591,13.3815002,Berlin,Germany,OpenStreetMap (leisure=dog_park),0.85,1303111120
Dog Park 1317597484,52.4911607,13.3581633,Berlin,Germany,OpenStreetMap (leisure=dog_park),0.85,1317597484
Dog Park 1430184481,52.498003,13.3972371,Berlin,Germany,OpenStreetMap (leisure=dog_park),0.85,1430184481
Dog Park 1459800989,52.5129374,13.475882,Berlin,Germany,OpenStreetMap (leisure=dog_park),0.85,1459800989
Dog Park 6330505870,48.7924613,2.3661424,Paris,France,OpenStreetMap (leisure=dog_park),0.85,6330505870
Dog Park 6593048059,48.8199781,2.2841156,Paris,France,OpenStreetMap (leisure=dog_park),0.85,6593048059
Gagarine,48.8933423,2.2953677,Paris,France,OpenStreetMap (leisure=dog_park),0.85,8069059824
Dog Park 8219638629,48.8286021,2.3992604,Paris,France,OpenStreetMap (leisure=dog_park),0.85,8219638629
Dog Park 8728653165,48.9163101,2.3052033,Paris,France,OpenStreetMap (leisure=dog_park),0.85,8728653165
Espace canin,48.863886,2.3925866,Paris,France,OpenStreetMap (leisure=dog_park),0.85,11099803554
Dog Park 11397846477,48.8090138,2.2959807,Paris,France,OpenStreetMap (leisure=dog_park),0.85,11397846477
Dog Park 12047537825,48.8753818,2.3955648,Paris,France,OpenStreetMap (leisure=dog_park),0.85,12047537825
Dog Park 12330508101,48.8962654,2.2918685,Paris,France,OpenStreetMap (leisure=dog_park),0.85,12330508101
Dog Park 12833160288,48.9250385,2.3733363,Paris,France,OpenStreetMap (leisure=dog_park),0.85,12833160288
Dog Park 13059667241,48.9192754,2.3316289,Paris,France,OpenStreetMap (leisure=dog_park),0.85,13059667241
Dog Park 13084713101,48.8134499,2.3424758,Paris,France,OpenStreetMap (leisure=dog_park),0.85,13084713101
Dog Park 197717534,48.8235458,2.2970679,Paris,France,OpenStreetMap (leisure=dog_park),0.85,197717534
Dog Park 300936800,48.7918506,2.2927099,Paris,France,OpenStreetMap (leisure=dog_park),0.85,300936800
Dog Park 349887551,48.9026737,2.3973462,Paris,France,OpenStreetMap (leisure=dog_park),0.85,349887551
Dog Park 376354146,48.8233242,2.2800535,Paris,France,OpenStreetMap (leisure=dog_park),0.85,376354146
Dog Park 569285571,48.8631271,2.3433084,Paris,France,OpenStreetMap (leisure=dog_park),0.85,569285571
Square Nadar,48.8859366,2.3418689,Paris,France,OpenStreetMap (leisure=dog_park),0.85,570270071
Parc canin,48.9162622,2.3252881,Paris,France,OpenStreetMap (leisure=dog_park),0.85,579220857
Dog Park 599450679,48.9143314,2.3318761,Paris,France,OpenStreetMap (leisure=dog_park),0.85,599450679
Dog Park 624085914,48.9116959,2.3367381,Paris,France,OpenStreetMap (leisure=dog_park),0.85,624085914
Plate-bande du boulevard Sérurier,48.87836,2.40435,Paris,France,OpenStreetMap (leisure=dog_park),0.85,669324858
Dog Park 671929480,48.9162735,2.3349659,Paris,France,OpenStreetMap (leisure=dog_park),0.85,671929480
Dog Park 671929481,48.9169295,2.3331684,Paris,France,OpenStreetMap (leisure=dog_park),0.85,671929481
Dog Park 671929482,48.917372,2.3320193,Paris,France,OpenStreetMap (leisure=dog_park),0.85,671929482
Dog Park 671929483,48.9188507,2.3319884,Paris,France,OpenStreetMap (leisure=dog_park),0.85,671929483
Dog Park 689516060,48.9165921,2.3317442,Paris,France,OpenStreetMap (leisure=dog_park),0.85,689516060
Dog Park 689516061,48.916301,2.3320464,Paris,France,OpenStreetMap (leisure=dog_park),0.85,689516061
Dog Park 714583373,48.8913974,2.3874819,Paris,France,OpenStreetMap (leisure=dog_park),0.85,714583373
Parc canin,48.9163633,2.3255525,Paris,France,OpenStreetMap (leisure=dog_park),0.85,765425231
Dog Park 767221416,48.9082396,2.3322491,Paris,France,OpenStreetMap (leisure=dog_park),0.85,767221416
Dog Park 767308496,48.9024641,2.3341984,Paris,France,OpenStreetMap (leisure=dog_park),0.85,767308496
Dog Park 767308497,48.9024782,2.3331961,Paris,France,OpenStreetMap (leisure=dog_park),0.85,767308497
Dog Park 768241146,48.9084628,2.3342198,Paris,France,OpenStreetMap (leisure=dog_park),0.85,768241146
Dog Park 775380739,48.8475212,2.3961514,Paris,France,OpenStreetMap (leisure=dog_park),0.85,775380739
Dog Park 780476041,48.8800438,2.3681062,Paris,France,OpenStreetMap (leisure=dog_park),0.85,780476041
Dog Park 844720363,48.7900764,2.3108254,Paris,France,OpenStreetMap (leisure=dog_park),0.85,844720363
Dog Park 849765166,48.8423592,2.3365491,Paris,France,OpenStreetMap (leisure=dog_park),0.85,849765166
Dog Park 958218086,48.8124435,2.3092391,Paris,France,OpenStreetMap (leisure=dog_park),0.85,958218086
Caniparc,48.8738788,2.4213294,Paris,France,OpenStreetMap (leisure=dog_park),0.85,958851724
Dog Park 966411272,48.8868209,2.3163603,Paris,France,OpenStreetMap (leisure=dog_park),0.85,966411272
Allée aux chiens chiens de Brassens,48.8321375,2.298118,Paris,France,OpenStreetMap (leisure=dog_park),0.85,966488741
Dog Park 1013850284,48.9121052,2.2873995,Paris,France,OpenStreetMap (leisure=dog_park),0.85,1013850284
Parc canin,48.8589881,2.3847387,Paris,France,OpenStreetMap (leisure=dog_park),0.85,1071020304
Dog Park 1076797149,48.9025231,2.3516343,Paris,France,OpenStreetMap (leisure=dog_park),0.85,1076797149
Dog Park 1090016686,48.9068202,2.343935,Paris,France,OpenStreetMap (leisure=dog_park),0.85,1090016686
Dog Park 1090016687,48.9067222,2.3438874,Paris,France,OpenStreetMap (leisure=dog_park),0.85,1090016687
Dog Park 1091889146,48.9094692,2.3037401,Paris,France,OpenStreetMap (leisure=dog_park),0.85,1091889146
Parc Canin,48.8722312,2.4132932,Paris,France,OpenStreetMap (leisure=dog_park),0.85,1102605092
Dog Park 1115679232,48.802376,2.2945488,Paris,France,OpenStreetMap (leisure=dog_park),0.85,1115679232
Dog Park 1156458269,48.8456288,2.3633057,Paris,France,OpenStreetMap (leisure=dog_park),0.85,1156458269
Dog Park 1188375404,48.8500926,2.3612564,Paris,France,OpenStreetMap (leisure=dog_park),0.85,1188375404
Dog Park 1202305876,48.9021054,2.3227372,Paris,France,OpenStreetMap (leisure=dog_park),0.85,1202305876
Dog Park 1202305877,48.9017135,2.3225671,Paris,France,OpenStreetMap (leisure=dog_park),0.85,1202305877
Dog Park 1231387004,48.822355,2.2982341,Paris,France,OpenStreetMap (leisure=dog_park),0.85,1231387004
Dog Park 1302514955,48.8140444,2.3799377,Paris,France,OpenStreetMap (leisure=dog_park),0.85,1302514955
Dog Park 1337436561,48.8223092,2.3654803,Paris,France,OpenStreetMap (leisure=dog_park),0.85,1337436561
Dog Park 1381320927,48.8889146,2.3670912,Paris,France,OpenStreetMap (leisure=dog_park),0.85,1381320927
Parc à chien (Buttes Chaumont),48.8811407,2.3857441,Paris,France,OpenStreetMap (leisure=dog_park),0.85,1453295418
Dog Park 1482022843,48.8668153,2.3899925,Paris,France,OpenStreetMap (leisure=dog_park),0.85,1482022843
Dog Park 1493911832,48.7957303,2.2958098,Paris,France,OpenStreetMap (leisure=dog_park),0.85,1493911832
Dog Park 5058045661,52.3502158,4.929915,Amsterdam,Netherlands,OpenStreetMap (leisure=dog_park),0.85,5058045661
Hondenveld Vondelpark,52.356704,4.8611164,Amsterdam,Netherlands,OpenStreetMap (leisure=dog_park),0.85,7061165803
Dog Park 9200008487,52.3421429,4.9551502,Amsterdam,Netherlands,OpenStreetMap (leisure=dog_park),0.85,9200008487
Dog Park 9216287966,52.3420383,4.9548413,Amsterdam,Netherlands,OpenStreetMap (leisure=dog_park),0.85,9216287966
Dog Park 9308363308,52.3432755,4.9518725,Amsterdam,Netherlands,OpenStreetMap (leisure=dog_park),0.85,9308363308
Dog Park 11162766405,52.3748787,4.9160103,Amsterdam,Netherlands,OpenStreetMap (leisure=dog_park),0.85,11162766405
Dog Park 12052715705,52.3444096,4.9323048,Amsterdam,Netherlands,OpenStreetMap (leisure=dog_park),0.85,12052715705
Dog Park 13017168689,52.4123953,4.8938998,Amsterdam,Netherlands,OpenStreetMap (leisure=dog_park),0.85,13017168689
Dog Park 13017168690,52.41145,4.8941952,Amsterdam,Netherlands,OpenStreetMap (leisure=dog_park),0.85,13017168690
Dog Park 55303427,52.4132144,4.8937184,Amsterdam,Netherlands,OpenStreetMap (leisure=dog_park),0.85,55303427
Dog Park 55303592,52.41514,4.8919418,Amsterdam,Netherlands,OpenStreetMap (leisure=dog_park),0.85,55303592
Dog Park 55303600,52.4140603,4.8936217,Amsterdam,Netherlands,OpenStreetMap (leisure=dog_park),0.85,55303600
Dog Park 66681441,52.3375317,4.90345,Amsterdam,Netherlands,OpenStreetMap (leisure=dog_park),0.85,66681441
Dog Park 111312280,52.3983518,4.9128969,Amsterdam,Netherlands,OpenStreetMap (leisure=dog_park),0.85,111312280
Hondentoilet,52.3712814,4.8680659,Amsterdam,Netherlands,OpenStreetMap (leisure=dog_park),0.85,221203070
Hondentoilet,52.3713821,4.8679984,Amsterdam,Netherlands,OpenStreetMap (leisure=dog_park),0.85,221203071
Dog Park 684471995,52.37983,4.9208948,Amsterdam,Netherlands,OpenStreetMap (leisure=dog_park),0.85,684471995
Dog Park 880670862,52.3652886,4.9216425,Amsterdam,Netherlands,OpenStreetMap (leisure=dog_park),0.85,880670862
Dog Park 1110325137,52.3546338,4.8976868,Amsterdam,Netherlands,OpenStreetMap (leisure=dog_park),0.85,1110325137
Dog Park 1124881741,52.3738661,4.8648733,Amsterdam,Netherlands,OpenStreetMap (leisure=dog_park),0.85,1124881741
Hondenspeeltuin Willem I,52.3843594,4.9098092,Amsterdam,Netherlands,OpenStreetMap (leisure=dog_park),0.85,1149156771
Dog Park 1174767095,52.3328545,4.9506501,Amsterdam,Netherlands,OpenStreetMap (leisure=dog_park),0.85,1174767095
Dog Park 1293447930,52.3794947,4.8779473,Amsterdam,Netherlands,OpenStreetMap (leisure=dog_park),0.85,1293447930
Dog Park 10064068615,50.8739769,4.3093459,Brussels,Belgium,OpenStreetMap (leisure=dog_park),0.85,10064068615
Dog Park 10930177480,50.8194082,4.3315214,Brussels,Belgium,OpenStreetMap (leisure=dog_park),0.85,10930177480
Dog Park 131205895,50.8250263,4.387405,Brussels,Belgium,OpenStreetMap (leisure=dog_park),0.85,131205895
Dog Park 249305620,50.8037203,4.3116984,Brussels,Belgium,OpenStreetMap (leisure=dog_park),0.85,249305620
Dog Park 438431476,50.8086548,4.3357532,Brussels,Belgium,OpenStreetMap (leisure=dog_park),0.85,438431476
Dog Park 496365047,50.8283724,4.3099713,Brussels,Belgium,OpenStreetMap (leisure=dog_park),0.85,496365047
Dog Park 498515516,50.8513961,4.3147098,Brussels,Belgium,OpenStreetMap (leisure=dog_park),0.85,498515516
Dog Park 548375617,50.889356,4.3152451,Brussels,Belgium,OpenStreetMap (leisure=dog_park),0.85,548375617
Dog Park 589691709,50.8679266,4.3347007,Brussels,Belgium,OpenStreetMap (leisure=dog_park),0.85,589691709
Dog Park 638206387,50.8719716,4.3975314,Brussels,Belgium,OpenStreetMap (leisure=dog_park),0.85,638206387
Dog Park 648714687,50.8838295,4.3339221,Brussels,Belgium,OpenStreetMap (leisure=dog_park),0.85,648714687
Dog Park 685108015,50.8791639,4.3391013,Brussels,Belgium,OpenStreetMap (leisure=dog_park),0.85,685108015
Dog Park 686274560,50.8752363,4.3351386,Brussels,Belgium,OpenStreetMap (leisure=dog_park),0.85,686274560
Dog Park 740931763,50.8826323,4.3036699,Brussels,Belgium,OpenStreetMap (leisure=dog_park),0.85,740931763
Dog Park 756284402,50.8911434,4.3117978,Brussels,Belgium,OpenStreetMap (leisure=dog_park),0.85,756284402
Dog Park 766641302,50.8666246,4.3837971,Brussels,Belgium,OpenStreetMap (leisure=dog_park),0.85,766641302
Dog Park 823389788,50.8588382,4.3974391,Brussels,Belgium,OpenStreetMap (leisure=dog_park),0.85,823389788
Dog Park 830741070,50.8815566,4.3347675,Brussels,Belgium,OpenStreetMap (leisure=dog_park),0.85,830741070
Dog Park 834687418,50.8361526,4.3864482,Brussels,Belgium,OpenStreetMap (leisure=dog_park),0.85,834687418
Dog Park 844328154,50.8565082,4.391619,Brussels,Belgium,OpenStreetMap (leisure=dog_park),0.85,844328154
Dog Park 849764137,50.8906518,4.3773697,Brussels,Belgium,OpenStreetMap (leisure=dog_park),0.85,849764137
Dog Park 854945860,50.8990461,4.3569888,Brussels,Belgium,OpenStreetMap (leisure=dog_park),0.85,854945860
Dog Park 857590826,50.8972409,4.3839115,Brussels,Belgium,OpenStreetMap (leisure=dog_park),0.85,857590826
Dog Park 862113956,50.8479539,4.3775274,Brussels,Belgium,OpenStreetMap (leisure=dog_park),0.85,862113956
Dog Park 882838361,50.886734,4.3271553,Brussels,Belgium,OpenStreetMap (leisure=dog_park),0.85,882838361
Hondenlosloopweide Strombeek-Bever,50.903132,4.3495062,Brussels,Belgium,OpenStreetMap (leisure=dog_park),0.85,888453392
Dog Park 925953323,50.8551789,4.3471033,Brussels,Belgium,OpenStreetMap (leisure=dog_park),0.85,925953323
Dog Park 952421733,50.8948843,4.3248067,Brussels,Belgium,OpenStreetMap (leisure=dog_park),0.85,952421733
Dog Park 958506674,50.8781185,4.3493854,Brussels,Belgium,OpenStreetMap (leisure=dog_park),0.85,958506674
Dog Park 961594779,50.8331802,4.2992824,Brussels,Belgium,OpenStreetMap (leisure=dog_park),0.85,961594779
Dog Park 997944059,50.8522001,4.3178636,Brussels,Belgium,OpenStreetMap (leisure=dog_park),0.85,997944059
Dog Park 1007281903,50.8498264,4.3383745,Brussels,Belgium,OpenStreetMap (leisure=dog_park),0.85,1007281903
Dog Park 1026385857,50.865217,4.3930921,Brussels,Belgium,OpenStreetMap (leisure=dog_park),0.85,1026385857
Dog Park 1046443974,50.8586794,4.3790115,Brussels,Belgium,OpenStreetMap (leisure=dog_park),0.85,1046443974
Dog Park 1053002940,50.8660037,4.4050241,Brussels,Belgium,OpenStreetMap (leisure=dog_park),0.85,1053002940
Dog Park 1079453764,50.8461683,4.3441114,Brussels,Belgium,OpenStreetMap (leisure=dog_park),0.85,1079453764
Dog Park 1089705582,50.8784704,4.3051093,Brussels,Belgium,OpenStreetMap (leisure=dog_park),0.85,1089705582
Dog Park 1092314802,50.8431472,4.3537834,Brussels,Belgium,OpenStreetMap (leisure=dog_park),0.85,1092314802
Dog Park 1097987780,50.8897838,4.3191791,Brussels,Belgium,OpenStreetMap (leisure=dog_park),0.85,1097987780
Zone de liberté grands chiens - Vrijheidszone grote houden,50.8286334,4.3522645,Brussels,Belgium,OpenStreetMap (leisure=dog_park),0.85,1107539302
Zone de liberté petits chiens - Vrijheidszone kleine houden,50.8284984,4.3523194,Brussels,Belgium,OpenStreetMap (leisure=dog_park),0.85,1107539303
Dog Park 1124237958,50.8924158,4.3171633,Brussels,Belgium,OpenStreetMap (leisure=dog_park),0.85,1124237958
Dog Park 1232011709,50.8707397,4.3349408,Brussels,Belgium,OpenStreetMap (leisure=dog_park),0.85,1232011709
Dog Park 1249788899,50.8055196,4.3933052,Brussels,Belgium,OpenStreetMap (leisure=dog_park),0.85,1249788899
Dog Park 1263617665,50.8303782,4.3475399,Brussels,Belgium,OpenStreetMap (leisure=dog_park),0.85,1263617665
Dog Park 1339144793,50.8045633,4.405451,Brussels,Belgium,OpenStreetMap (leisure=dog_park),0.85,1339144793
Dog Park 1356841888,50.8795518,4.314575,Brussels,Belgium,OpenStreetMap (leisure=dog_park),0.85,1356841888
Dog Park 1365005097,50.830205,4.3973081,Brussels,Belgium,OpenStreetMap (leisure=dog_park),0.85,1365005097
Dog Park 1366784486,50.8091171,4.3507276,Brussels,Belgium,OpenStreetMap (leisure=dog_park),0.85,1366784486
Dog Park 1370770551,50.8623805,4.3134681,Brussels,Belgium,OpenStreetMap (leisure=dog_park),0.85,1370770551
Dog Park 1412767784,50.8781005,4.3172709,Brussels,Belgium,OpenStreetMap (leisure=dog_park),0.85,1412767784
Dog Park 1419964019,50.8108448,4.4054151,Brussels,Belgium,OpenStreetMap (leisure=dog_park),0.85,1419964019
Dog Park 1469559803,50.8267009,4.3894222,Brussels,Belgium,OpenStreetMap (leisure=dog_park),0.85,1469559803
Dog Park 653143704,48.1911659,16.3538538,Vienna,Austria,OpenStreetMap (leisure=dog_park),0.85,653143704
Dog Park 654009430,48.1898831,16.3521081,Vienna,Austria,OpenStreetMap (leisure=dog_park),0.85,654009430
Dog Park 9405067348,48.2511065,16.3830869,Vienna,Austria,OpenStreetMap (leisure=dog_park),0.85,9405067348
Dog Park 26665704,48.1748665,16.3539074,Vienna,Austria,OpenStreetMap (leisure=dog_park),0.85,26665704
Parkanlage Mittelzone,48.1809041,16.3485528,Vienna,Austria,OpenStreetMap (leisure=dog_park),0.85,26739618
Parkanlage Winckelmannstraße,48.190439,16.3209344,Vienna,Austria,OpenStreetMap (leisure=dog_park),0.85,27084978
Dog Park 28279241,48.1627069,16.3551631,Vienna,Austria,OpenStreetMap (leisure=dog_park),0.85,28279241
Dog Park 33562633,48.2005318,16.3848727,Vienna,Austria,OpenStreetMap (leisure=dog_park),0.85,33562633
Dog Park 36117691,48.2056809,16.3564631,Vienna,Austria,OpenStreetMap (leisure=dog_park),0.85,36117691
Dog Park 104449329,48.2445095,16.3803531,Vienna,Austria,OpenStreetMap (leisure=dog_park),0.85,104449329
Dog Park 105742845,48.1980945,16.3616362,Vienna,Austria,OpenStreetMap (leisure=dog_park),0.85,105742845
Dog Park 110311476,48.1720703,16.3592612,Vienna,Austria,OpenStreetMap (leisure=dog_park),0.85,110311476
Dog Park 112047119,48.1566391,16.4250612,Vienna,Austria,OpenStreetMap (leisure=dog_park),0.85,112047119
Dog Park 120470606,48.2123866,16.3511526,Vienna,Austria,OpenStreetMap (leisure=dog_park),0.85,120470606
Dog Park 122941000,48.2215372,16.3539175,Vienna,Austria,OpenStreetMap (leisure=dog_park),0.85,122941000
Dog Park 126583097,48.2061872,16.3616389,Vienna,Austria,OpenStreetMap (leisure=dog_park),0.85,126583097
Dog Park 136447724,48.1631411,16.3257335,Vienna,Austria,OpenStreetMap (leisure=dog_park),0.85,136447724
Dog Park 144778888,48.1889302,16.3394615,Vienna,Austria,OpenStreetMap (leisure=dog_park),0.85,144778888
Dog Park 160656332,48.1673828,16.4156356,Vienna,Austria,OpenStreetMap (leisure=dog_park),0.85,160656332
Dog Park 174848769,48.1874204,16.3476764,Vienna,Austria,OpenStreetMap (leisure=dog_park),0.85,174848769
Dog Park 188027386,48.2043833,16.4117035,Vienna,Austria,OpenStreetMap (leisure=dog_park),0.85,188027386
Dog Park 201149531,48.2339883,16.3871868,Vienna,Austria,OpenStreetMap (leisure=dog_park),0.85,201149531
Dog Park 202106177,48.234261,16.3298241,Vienna,Austria,OpenStreetMap (leisure=dog_park),0.85,202106177
Dog Park 211201249,48.2573871,16.3885523,Vienna,Austria,OpenStreetMap (leisure=dog_park),0.85,211201249
Dog Park 253455318,48.226333,16.3584258,Vienna,Austria,OpenStreetMap (leisure=dog_park),0.85,253455318
Dog Park 276706350,48.1850679,16.384473,Vienna,Austria,OpenStreetMap (leisure=dog_park),0.85,276706350
Dog Park 276706351,48.1847107,16.3847468,Vienna,Austria,OpenStreetMap (leisure=dog_park),0.85,276706351
Dog Park 293130640,48.1913767,16.3654365,Vienna,Austria,OpenStreetMap (leisure=dog_park),0.85,293130640
Dog Park 293754105,48.2259065,16.3665837,Vienna,Austria,OpenStreetMap (leisure=dog_park),0.85,293754105
Dog Park 298384637,48.1767206,16.4256452,Vienna,Austria,OpenStreetMap (leisure=dog_park),0.85,298384637
Dog Park 302737980,48.2253971,16.3971269,Vienna,Austria,OpenStreetMap (leisure=dog_park),0.85,302737980
Dog Park 305847888,48.2193872,16.3942035,Vienna,Austria,OpenStreetMap (leisure=dog_park),0.85,305847888
Dog Park 317021850,48.1975806,16.401018,Vienna,Austria,OpenStreetMap (leisure=dog_park),0.85,317021850
Dog Park 319342050,48.1789361,16.3752085,Vienna,Austria,OpenStreetMap (leisure=dog_park),0.85,319342050
Dog Park 319342077,48.1795059,16.3784394,Vienna,Austria,OpenStreetMap (leisure=dog_park),0.85,319342077
Dog Park 321623475,48.2448662,16.3389547,Vienna,Austria,OpenStreetMap (leisure=dog_park),0.85,321623475
Dog Park 325908492,48.225836,16.339025,Vienna,Austria,OpenStreetMap (leisure=dog_park),0.85,325908492
Dog Park 326623254,48.203997,16.3326598,Vienna,Austria,OpenStreetMap (leisure=dog_park),0.85,326623254
Dog Park 328037621,48.2353394,16.3709294,Vienna,Austria,OpenStreetMap (leisure=dog_park),0.85,328037621
Dog Park 344239640,48.1698197,16.3821121,Vienna,Austria,OpenStreetMap (leisure=dog_park),0.85,344239640
Dog Park 348102657,48.1633783,16.3931667,Vienna,Austria,OpenStreetMap (leisure=dog_park),0.85,348102657
Dog Park 352160331,48.1871125,16.3381854,Vienna,Austria,OpenStreetMap (leisure=dog_park),0.85,352160331
Dog Park 363263335,48.2263734,16.3710537,Vienna,Austria,OpenStreetMap (leisure=dog_park),0.85,363263335
Dog Park 363263343,48.2246269,16.3790392,Vienna,Austria,OpenStreetMap (leisure=dog_park),0.85,363263343
Dog Park 371889456,48.1879543,16.3858373,Vienna,Austria,OpenStreetMap (leisure=dog_park),0.85,371889456
Dog Park 391112514,48.2452999,16.3484282,Vienna,Austria,OpenStreetMap (leisure=dog_park),0.85,391112514
Dog Park 394662616,48.243392,16.3609506,Vienna,Austria,OpenStreetMap (leisure=dog_park),0.85,394662616
Treppelweg - Brigittenauer Lände,48.2511279,16.3728828,Vienna,Austria,OpenStreetMap (leisure=dog_park),0.85,399233330
Dog Park 434992485,48.1813982,16.3390583,Vienna,Austria,OpenStreetMap (leisure=dog_park),0.85,434992485
Dog Park 434992486,48.186856,16.3432497,Vienna,Austria,OpenStreetMap (leisure=dog_park),0.85,434992486
Dog Park 434992487,48.178979,16.3346748,Vienna,Austria,OpenStreetMap (leisure=dog_park),0.85,434992487
Dog Park 434992977,48.1828089,16.3505346,Vienna,Austria,OpenStreetMap (leisure=dog_park),0.85,434992977
Dog Park 442138180,48.2137329,16.3779175,Vienna,Austria,OpenStreetMap (leisure=dog_park),0.85,442138180
Dog Park 445915307,48.1811513,16.3667234,Vienna,Austria,OpenStreetMap (leisure=dog_park),0.85,445915307
Dog Park 465438009,48.2235041,16.3906013,Vienna,Austria,OpenStreetMap (leisure=dog_park),0.85,465438009
Esterházypark,48.1979517,16.3522622,Vienna,Austria,OpenStreetMap (leisure=dog_park),0.85,495175929
Dog Park 498899264,48.182,16.3272686,Vienna,Austria,OpenStreetMap (leisure=dog_park),0.85,498899264
Dog Park 518941753,48.1782489,16.3862278,Vienna,Austria,OpenStreetMap (leisure=dog_park),0.85,518941753
Dog Park 532682793,48.2146509,16.4148054,Vienna,Austria,OpenStreetMap (leisure=dog_park),0.85,532682793
Dog Park 539869355,48.2326605,16.3503068,Vienna,Austria,OpenStreetMap (leisure=dog_park),0.85,539869355
Dog Park 543168745,48.1712749,16.3205162,Vienna,Austria,OpenStreetMap (leisure=dog_park),0.85,543168745
Dog Park 589979778,48.1668242,16.3773627,Vienna,Austria,OpenStreetMap (leisure=dog_park),0.85,589979778
Dog Park 596053230,48.249155,16.3996017,Vienna,Austria,OpenStreetMap (leisure=dog_park),0.85,596053230
Dog Park 631346380,48.215115,16.3950084,Vienna,Austria,OpenStreetMap (leisure=dog_park),0.85,631346380
Dog Park 689093871,48.1996013,16.3730657,Vienna,Austria,OpenStreetMap (leisure=dog_park),0.85,689093871
Dog Park 698291718,48.1563761,16.3295279,Vienna,Austria,OpenStreetMap (leisure=dog_park),0.85,698291718
Dog Park 738307737,48.2156135,16.3747989,Vienna,Austria,OpenStreetMap (leisure=dog_park),0.85,738307737
Dog Park 800009559,48.1985342,16.3905932,Vienna,Austria,OpenStreetMap (leisure=dog_park),0.85,800009559
Dog Park 875172642,48.214468,16.3258654,Vienna,Austria,OpenStreetMap (leisure=dog_park),0.85,875172642
Dog Park 896279973,48.1688964,16.4182069,Vienna,Austria,OpenStreetMap (leisure=dog_park),0.85,896279973
Dog Park 908149848,48.1711476,16.4141014,Vienna,Austria,OpenStreetMap (leisure=dog_park),0.85,908149848
Dog Park 908160505,48.2482831,16.4130566,Vienna,Austria,OpenStreetMap (leisure=dog_park),0.85,908160505
Dog Park 921726504,48.1814416,16.413067,Vienna,Austria,OpenStreetMap (leisure=dog_park),0.85,921726504
Dog Park 925021969,48.1678151,16.3382471,Vienna,Austria,OpenStreetMap (leisure=dog_park),0.85,925021969
Dog Park 925289069,48.2252432,16.3246858,Vienna,Austria,OpenStreetMap (leisure=dog_park),0.85,925289069
Dog Park 932054500,48.2083735,16.3960055,Vienna,Austria,OpenStreetMap (leisure=dog_park),0.85,932054500
Dog Park 946528875,48.1887868,16.3392769,Vienna,Austria,OpenStreetMap (leisure=dog_park),0.85,946528875
Dog Park 949495218,48.1727266,16.3707006,Vienna,Austria,OpenStreetMap (leisure=dog_park),0.85,949495218
Dog Park 949498484,48.2062194,16.396707,Vienna,Austria,OpenStreetMap (leisure=dog_park),0.85,949498484
Hamerlingpark,48.2112108,16.3447581,Vienna,Austria,OpenStreetMap (leisure=dog_park),0.85,951887264
Dog Park 956202688,48.2152292,16.3731114,Vienna,Austria,OpenStreetMap (leisure=dog_park),0.85,956202688
Hundezone Kaisermühlen,48.2243131,16.4213733,Vienna,Austria,OpenStreetMap (leisure=dog_park),0.85,977500951
Dog Park 977501437,48.1959629,16.4039785,Vienna,Austria,OpenStreetMap (leisure=dog_park),0.85,977501437
Dog Park 977501896,48.2029011,16.3808809,Vienna,Austria,OpenStreetMap (leisure=dog_park),0.85,977501896
Dog Park 977584002,48.1713427,16.4090792,Vienna,Austria,OpenStreetMap (leisure=dog_park),0.85,977584002
Dog Park 977930844,48.1906195,16.3993798,Vienna,Austria,OpenStreetMap (leisure=dog_park),0.85,977930844
Dog Park 998682253,48.2386779,16.3818146,Vienna,Austria,OpenStreetMap (leisure=dog_park),0.85,998682253
Dog Park 1000726563,48.1984324,16.3305,Vienna,Austria,OpenStreetMap (leisure=dog_park),0.85,1000726563
Dog Park 1011257686,48.2390228,16.384488,Vienna,Austria,OpenStreetMap (leisure=dog_park),0.85,1011257686
Dog Park 1011257687,48.2388142,16.3840564,Vienna,Austria,OpenStreetMap (leisure=dog_park),0.85,1011257687
Hundeauslaufplatz,48.1589194,16.3602929,Vienna,Austria,OpenStreetMap (leisure=dog_park),0.85,1054409781
Dog Park 1067293486,48.2156068,16.4172971,Vienna,Austria,OpenStreetMap (leisure=dog_park),0.85,1067293486
Dog Park 1106015453,48.1862382,16.3505542,Vienna,Austria,OpenStreetMap (leisure=dog_park),0.85,1106015453
Dog Park 1107364989,48.2269494,16.3907273,Vienna,Austria,OpenStreetMap (leisure=dog_park),0.85,1107364989
Dog Park 1112305576,48.2196815,16.4006105,Vienna,Austria,OpenStreetMap (leisure=dog_park),0.85,1112305576
Dog Park 1119205866,48.2100825,16.3276341,Vienna,Austria,OpenStreetMap (leisure=dog_park),0.85,1119205866
Dog Park 1127835805,48.1722031,16.4086347,Vienna,Austria,OpenStreetMap (leisure=dog_park),0.85,1127835805
Dog Park 1148458940,48.2523044,16.3595217,Vienna,Austria,OpenStreetMap (leisure=dog_park),0.85,1148458940
Dog Park 1171744063,48.1678648,16.3839987,Vienna,Austria,OpenStreetMap (leisure=dog_park),0.85,1171744063
Dog Park 1185472685,48.1814835,16.3556691,Vienna,Austria,OpenStreetMap (leisure=dog_park),0.85,1185472685
Dog Park 1186186854,48.239894,16.3823724,Vienna,Austria,OpenStreetMap (leisure=dog_park),0.85,1186186854
Dog Park 1188344041,48.2439433,16.3735368,Vienna,Austria,OpenStreetMap (leisure=dog_park),0.85,1188344041
Dog Park 1189698091,48.248699,16.3781816,Vienna,Austria,OpenStreetMap (leisure=dog_park),0.85,1189698091
Dog Park 1194072452,48.2323202,16.3624757,Vienna,Austria,OpenStreetMap (leisure=dog_park),0.85,1194072452
Dog Park 1204720213,48.2101925,16.408819,Vienna,Austria,OpenStreetMap (leisure=dog_park),0.85,1204720213
Dog Park 1208321342,48.2304096,16.3890743,Vienna,Austria,OpenStreetMap (leisure=dog_park),0.85,1208321342
Dog Park 1256041524,48.1912457,16.4054324,Vienna,Austria,OpenStreetMap (leisure=dog_park),0.85,1256041524
Dog Park 1290607439,48.2004151,16.3823417,Vienna,Austria,OpenStreetMap (leisure=dog_park),0.85,1290607439
Dog Park 1297408566,48.171345,16.396707,Vienna,Austria,OpenStreetMap (leisure=dog_park),0.85,1297408566
Dog Park 1365391111,48.179825,16.3871159,Vienna,Austria,OpenStreetMap (leisure=dog_park),0.85,1365391111
Hundeauslaufplatz Donauinsel Nord,48.2530776,16.3812257,Vienna,Austria,OpenStreetMap (leisure=dog_park),0.85,1416152543
Dog Park 1460152595,48.1880148,16.3634838,Vienna,Austria,OpenStreetMap (leisure=dog_park),0.85,1460152595
Dog Park 1460152596,48.1881523,16.3557822,Vienna,Austria,OpenStreetMap (leisure=dog_park),0.85,1460152596
Dog Park 1460152814,48.1948439,16.3545485,Vienna,Austria,OpenStreetMap (leisure=dog_park),0.85,1460152814
Dog Park 8671283289,41.3850683,2.1352798,Barcelona,Spain,OpenStreetMap (leisure=dog_park),0.85,8671283289
Dog Park 11126038309,41.3907817,2.1999202,Barcelona,Spain,OpenStreetMap (leisure=dog_park),0.85,11126038309
Dog Park 13195426112,41.3864569,2.1369433,Barcelona,Spain,OpenStreetMap (leisure=dog_park),0.85,13195426112
Dog Park 86939227,41.4130291,2.1423986,Barcelona,Spain,OpenStreetMap (leisure=dog_park),0.85,86939227
Dog Park 122157052,41.4267952,2.1525682,Barcelona,Spain,OpenStreetMap (leisure=dog_park),0.85,122157052
Dog Park 133219288,41.4318128,2.1815811,Barcelona,Spain,OpenStreetMap (leisure=dog_park),0.85,133219288
Dog Park 135789797,41.4081188,2.1421196,Barcelona,Spain,OpenStreetMap (leisure=dog_park),0.85,135789797
Dog Park 135790943,41.4110855,2.1445742,Barcelona,Spain,OpenStreetMap (leisure=dog_park),0.85,135790943
Dog Park 175783882,41.4075691,2.1712523,Barcelona,Spain,OpenStreetMap (leisure=dog_park),0.85,175783882
Dog Park 178084509,41.4089662,2.1691119,Barcelona,Spain,OpenStreetMap (leisure=dog_park),0.85,178084509
Dog Park 198437139,41.3877534,2.1926437,Barcelona,Spain,OpenStreetMap (leisure=dog_park),0.85,198437139
Dog Park 245375177,41.3722698,2.1741985,Barcelona,Spain,OpenStreetMap (leisure=dog_park),0.85,245375177
Dog Park 256814764,41.3966593,2.1198529,Barcelona,Spain,OpenStreetMap (leisure=dog_park),0.85,256814764
Dog Park 269149017,41.3924858,2.1217822,Barcelona,Spain,OpenStreetMap (leisure=dog_park),0.85,269149017
Dog Park 283777013,41.4017238,2.1445821,Barcelona,Spain,OpenStreetMap (leisure=dog_park),0.85,283777013
Dog Park 287130416,41.4260996,2.1371108,Barcelona,Spain,OpenStreetMap (leisure=dog_park),0.85,287130416
Dog Park 296836789,41.4079257,2.1536677,Barcelona,Spain,OpenStreetMap (leisure=dog_park),0.85,296836789
Dog Park 394928524,41.4033324,2.1299059,Barcelona,Spain,OpenStreetMap (leisure=dog_park),0.85,394928524
Dog Park 412143997,41.3976677,2.2083546,Barcelona,Spain,OpenStreetMap (leisure=dog_park),0.85,412143997
Dog Park 423212128,41.3817085,2.1929419,Barcelona,Spain,OpenStreetMap (leisure=dog_park),0.85,423212128
Dog Park 426994367,41.3711241,2.1676687,Barcelona,Spain,OpenStreetMap (leisure=dog_park),0.85,426994367
Dog Park 428476483,41.411295,2.1908983,Barcelona,Spain,OpenStreetMap (leisure=dog_park),0.85,428476483
Dog Park 429042997,41.4199513,2.1957771,Barcelona,Spain,OpenStreetMap (leisure=dog_park),0.85,429042997
Dog Park 433199352,41.4328989,2.1862739,Barcelona,Spain,OpenStreetMap (leisure=dog_park),0.85,433199352
Dog Park 433199754,41.4256512,2.1810156,Barcelona,Spain,OpenStreetMap (leisure=dog_park),0.85,433199754
Dog Park 433200255,41.4358689,2.1955804,Barcelona,Spain,OpenStreetMap (leisure=dog_park),0.85,433200255
Dog Park 433200488,41.4343263,2.2075766,Barcelona,Spain,OpenStreetMap (leisure=dog_park),0.85,433200488
Dog Park 433200596,41.4278941,2.1886208,Barcelona,Spain,OpenStreetMap (leisure=dog_park),0.85,433200596
Dog Park 433303937,41.4302387,2.1910131,Barcelona,Spain,OpenStreetMap (leisure=dog_park),0.85,433303937
Dog Park 433305283,41.4364346,2.1922577,Barcelona,Spain,OpenStreetMap (leisure=dog_park),0.85,433305283
Dog Park 435914353,41.4088231,2.2015025,Barcelona,Spain,OpenStreetMap (leisure=dog_park),0.85,435914353
Dog Park 505524298,41.4238826,2.2127574,Barcelona,Spain,OpenStreetMap (leisure=dog_park),0.85,505524298
Dog Park 526792216,41.4022992,2.1810429,Barcelona,Spain,OpenStreetMap (leisure=dog_park),0.85,526792216
Dog Park 545092967,41.4080725,2.1432294,Barcelona,Spain,OpenStreetMap (leisure=dog_park),0.85,545092967
Dog Park 552474140,41.406856,2.1899218,Barcelona,Spain,OpenStreetMap (leisure=dog_park),0.85,552474140
Dog Park 564052232,41.3864744,2.1370753,Barcelona,Spain,OpenStreetMap (leisure=dog_park),0.85,564052232
Dog Park 584606436,41.4139513,2.1786286,Barcelona,Spain,OpenStreetMap (leisure=dog_park),0.85,584606436
Dog Park 604020467,41.4371781,2.2166479,Barcelona,Spain,OpenStreetMap (leisure=dog_park),0.85,604020467
Dog Park 612307568,41.4099071,2.1793715,Barcelona,Spain,OpenStreetMap (leisure=dog_park),0.85,612307568
Dog Park 620656217,41.4022654,2.1729994,Barcelona,Spain,OpenStreetMap (leisure=dog_park),0.85,620656217
Dog Park 640841645,41.4331039,2.1654395,Barcelona,Spain,OpenStreetMap (leisure=dog_park),0.85,640841645
Node gossos 1,41.4048029,2.1864465,Barcelona,Spain,OpenStreetMap (leisure=dog_park),0.85,667865854
Dog Park 685129044,41.3941307,2.1400637,Barcelona,Spain,OpenStreetMap (leisure=dog_park),0.85,685129044
Dog Park 685129064,41.3935624,2.1381907,Barcelona,Spain,OpenStreetMap (leisure=dog_park),0.85,685129064
Dog Park 685327805,41.4201009,2.1811524,Barcelona,Spain,OpenStreetMap (leisure=dog_park),0.85,685327805
Dog Park 711891717,41.3620752,2.1311313,Barcelona,Spain,OpenStreetMap (leisure=dog_park),0.85,711891717
Dog Park 730287333,41.3888197,2.160802,Barcelona,Spain,OpenStreetMap (leisure=dog_park),0.85,730287333
Dog Park 731934575,41.4099311,2.1532449,Barcelona,Spain,OpenStreetMap (leisure=dog_park),0.85,731934575
Dog Park 736840885,41.4241856,2.1443733,Barcelona,Spain,OpenStreetMap (leisure=dog_park),0.85,736840885
Dog Park 741261199,41.4317413,2.1474019,Barcelona,Spain,OpenStreetMap (leisure=dog_park),0.85,741261199
Dog Park 751344296,41.3695984,2.1358844,Barcelona,Spain,OpenStreetMap (leisure=dog_park),0.85,751344296
Dog Park 759622304,41.4070317,2.1475946,Barcelona,Spain,OpenStreetMap (leisure=dog_park),0.85,759622304
Dog Park 770887440,41.375534,2.1526689,Barcelona,Spain,OpenStreetMap (leisure=dog_park),0.85,770887440
Dog Park 801903064,41.4077565,2.1373549,Barcelona,Spain,OpenStreetMap (leisure=dog_park),0.85,801903064
Dog Park 813106092,41.4208447,2.2161406,Barcelona,Spain,OpenStreetMap (leisure=dog_park),0.85,813106092
Dog Park 813433712,41.3661795,2.1407523,Barcelona,Spain,OpenStreetMap (leisure=dog_park),0.85,813433712
Dog Park 842677164,41.385302,2.146082,Barcelona,Spain,OpenStreetMap (leisure=dog_park),0.85,842677164
Dog Park 875530585,41.4227575,2.1538353,Barcelona,Spain,OpenStreetMap (leisure=dog_park),0.85,875530585
Dog Park 903520305,41.3786039,2.1325372,Barcelona,Spain,OpenStreetMap (leisure=dog_park),0.85,903520305
Dog Park 920219792,41.4366536,2.1674601,Barcelona,Spain,OpenStreetMap (leisure=dog_park),0.85,920219792
Dog Park 966016406,41.4125827,2.1461101,Barcelona,Spain,OpenStreetMap (leisure=dog_park),0.85,966016406
Dog Park 971597535,41.4339089,2.1755672,Barcelona,Spain,OpenStreetMap (leisure=dog_park),0.85,971597535
Dog Park 988531021,41.4147855,2.1375203,Barcelona,Spain,OpenStreetMap (leisure=dog_park),0.85,988531021
Dog Park 1002075266,41.4276245,2.2044943,Barcelona,Spain,OpenStreetMap (leisure=dog_park),0.85,1002075266
Dog Park 1009384668,41.4133957,2.1857681,Barcelona,Spain,OpenStreetMap (leisure=dog_park),0.85,1009384668
Dog Park 1022979311,41.4276282,2.2256912,Barcelona,Spain,OpenStreetMap (leisure=dog_park),0.85,1022979311
Dog Park 1029851550,41.4019359,2.1606455,Barcelona,Spain,OpenStreetMap (leisure=dog_park),0.85,1029851550
Dog Park 1030737656,41.404154,2.2077917,Barcelona,Spain,OpenStreetMap (leisure=dog_park),0.85,1030737656
Dog Park 1033560448,41.401451,2.2059909,Barcelona,Spain,OpenStreetMap (leisure=dog_park),0.85,1033560448
Dog Park 1038743601,41.4016573,2.1337753,Barcelona,Spain,OpenStreetMap (leisure=dog_park),0.85,1038743601
Dog Park 1056825089,41.423985,2.2057645,Barcelona,Spain,OpenStreetMap (leisure=dog_park),0.85,1056825089
Dog Park 1066697109,41.3921965,2.1402146,Barcelona,Spain,OpenStreetMap (leisure=dog_park),0.85,1066697109
Dog Park 1076024856,41.3902683,2.1870353,Barcelona,Spain,OpenStreetMap (leisure=dog_park),0.85,1076024856
Dog Park 1081822228,41.3802125,2.1252102,Barcelona,Spain,OpenStreetMap (leisure=dog_park),0.85,1081822228
Dog Park 1084249610,41.3729001,2.1291823,Barcelona,Spain,OpenStreetMap (leisure=dog_park),0.85,1084249610
Dog Park 1114944122,41.3947948,2.1856354,Barcelona,Spain,OpenStreetMap (leisure=dog_park),0.85,1114944122
Dog Park 1123857101,41.4141791,2.1667781,Barcelona,Spain,OpenStreetMap (leisure=dog_park),0.85,1123857101
Dog Park 1124673992,41.4347394,2.1500256,Barcelona,Spain,OpenStreetMap (leisure=dog_park),0.85,1124673992
Dog Park 1128010415,41.4279439,2.1577214,Barcelona,Spain,OpenStreetMap (leisure=dog_park),0.85,1128010415
Dog Park 1128383026,41.3745103,2.1396629,Barcelona,Spain,OpenStreetMap (leisure=dog_park),0.85,1128383026
Dog Park 1137844648,41.375997,2.1703319,Barcelona,Spain,OpenStreetMap (leisure=dog_park),0.85,1137844648
Dog Park 1149437029,41.4184763,2.1758064,Barcelona,Spain,OpenStreetMap (leisure=dog_park),0.85,1149437029
Dog Park 1175867637,41.412176,2.1879532,Barcelona,Spain,OpenStreetMap (leisure=dog_park),0.85,1175867637
Dog Park 1180272414,41.3676525,2.121126,Barcelona,Spain,OpenStreetMap (leisure=dog_park),0.85,1180272414
Dog Park 1217986602,41.4274549,2.2194901,Barcelona,Spain,OpenStreetMap (leisure=dog_park),0.85,1217986602
Dog Park 1262132540,41.4022166,2.13987,Barcelona,Spain,OpenStreetMap (leisure=dog_park),0.85,1262132540
Dog Park 1296454541,41.4161098,2.1494851,Barcelona,Spain,OpenStreetMap (leisure=dog_park),0.85,1296454541
Node gossos 2,41.4024164,2.1864955,Barcelona,Spain,OpenStreetMap (leisure=dog_park),0.85,1337820786
Dog Park 1340155923,41.3773158,2.1416049,Barcelona,Spain,OpenStreetMap (leisure=dog_park),0.85,1340155923
Dog Park 1342225344,41.3682095,2.1364603,Barcelona,Spain,OpenStreetMap (leisure=dog_park),0.85,1342225344
Dog Park 1344398513,41.4270856,2.1837721,Barcelona,Spain,OpenStreetMap (leisure=dog_park),0.85,1344398513
Dog Park 1344565786,41.4139955,2.1499806,Barcelona,Spain,OpenStreetMap (leisure=dog_park),0.85,1344565786
Dog Park 1389309123,41.4178529,2.1767861,Barcelona,Spain,OpenStreetMap (leisure=dog_park),0.85,1389309123
Dog Park 1393580961,41.3585166,2.143788,Barcelona,Spain,OpenStreetMap (leisure=dog_park),0.85,1393580961
Espai per a gossos deslligats,41.4324771,2.1443188,Barcelona,Spain,OpenStreetMap (leisure=dog_park),0.85,1430614682
Dog Park 1466595417,41.3916746,2.1371006,Barcelona,Spain,OpenStreetMap (leisure=dog_park),0.85,1466595417
Dog Park 1486066845,41.365391,2.1338104,Barcelona,Spain,OpenStreetMap (leisure=dog_park),0.85,1486066845
Dog Park 1486406061,41.3829739,2.1403783,Barcelona,Spain,OpenStreetMap (leisure=dog_park),0.85,1486406061
Dog Park 7364728192,22.3653817,114.0639734,Hong Kong,Hong Kong,OpenStreetMap (leisure=dog_park),0.85,7364728192
油尖旺寵物公園 Yau Tsim Mong Pets Park,22.308653,114.1670828,Hong Kong,Hong Kong,OpenStreetMap (leisure=dog_park),0.85,160323969
環保大道寵物公園 Wan Po Road Pet Garden,22.3045902,114.2686702,Hong Kong,Hong Kong,OpenStreetMap (leisure=dog_park),0.85,206415991
馬鞍山西沙路寵物公園 Ma On Shan Sai Sha Road Pet Garden,22.415602,114.2250554,Hong Kong,Hong Kong,OpenStreetMap (leisure=dog_park),0.85,258074789
Dog Park 311799396,22.2827101,114.1668668,Hong Kong,Hong Kong,OpenStreetMap (leisure=dog_park),0.85,311799396
Dog Park 358645649,22.3672436,114.1115494,Hong Kong,Hong Kong,OpenStreetMap (leisure=dog_park),0.85,358645649
蝴蝶谷道寵物公園 Butterfly Valley Road Pet Garden,22.3394332,114.1439492,Hong Kong,Hong Kong,OpenStreetMap (leisure=dog_park),0.85,446798889
黃竹坑涌尾寵物公園 Wong Chuk Hang Staunton Creek Pet Garden,22.246542,114.1607609,Hong Kong,Hong Kong,OpenStreetMap (leisure=dog_park),0.85,465676975
豐物道休憩處 Fung Mat Road Sitting-out Area,22.2885264,114.1383229,Hong Kong,Hong Kong,OpenStreetMap (leisure=dog_park),0.85,583903064
Dog Park 640754024,22.3045295,114.1583379,Hong Kong,Hong Kong,OpenStreetMap (leisure=dog_park),0.85,640754024
Dog Park 650407868,22.3304208,114.1853068,Hong Kong,Hong Kong,OpenStreetMap (leisure=dog_park),0.85,650407868
樂民道寵物公園 Lok Man Road Pet Garden,22.268481,114.2352135,Hong Kong,Hong Kong,OpenStreetMap (leisure=dog_park),0.85,652029367
Dog Park 670943499,22.333298,114.1506833,Hong Kong,Hong Kong,OpenStreetMap (leisure=dog_park),0.85,670943499
寵物區 Pet Area,22.3174535,114.2140518,Hong Kong,Hong Kong,OpenStreetMap (leisure=dog_park),0.85,679370931
屋蘭士街休憩處 Oaklands Avenue Sitting-out Area,22.2829275,114.1435975,Hong Kong,Hong Kong,OpenStreetMap (leisure=dog_park),0.85,698990262
宋王臺遊樂場寵物公園 Sung Wong Toi Playground Pet Garden,22.3267068,114.1903026,Hong Kong,Hong Kong,OpenStreetMap (leisure=dog_park),0.85,749215561
窩打老道／渡船街休憩處,22.3130694,114.1670655,Hong Kong,Hong Kong,OpenStreetMap (leisure=dog_park),0.85,809619205
Dog Park 874530938,22.2856547,114.1297206,Hong Kong,Hong Kong,OpenStreetMap (leisure=dog_park),0.85,874530938
富康街寵物公園 Fu Hong Street Pet Garden,22.2685331,114.2483017,Hong Kong,Hong Kong,OpenStreetMap (leisure=dog_park),0.85,913018958
寵物角 Pet Corner,22.2892178,114.1495124,Hong Kong,Hong Kong,OpenStreetMap (leisure=dog_park),0.85,913058466
北角海濱公園寵物公園 North Point Promenade Pet Garden,22.2936604,114.2023236,Hong Kong,Hong Kong,OpenStreetMap (leisure=dog_park),0.85,914429124
Dog Park 1051725930,22.3355451,114.2012496,Hong Kong,Hong Kong,OpenStreetMap (leisure=dog_park),0.85,1051725930
Dog Park 1093900380,22.283112,114.1776657,Hong Kong,Hong Kong,OpenStreetMap (leisure=dog_park),0.85,1093900380
Dog Park 1112224123,22.2823366,114.1249148,Hong Kong,Hong Kong,OpenStreetMap (leisure=dog_park),0.85,1112224123
Dog Park 1201230320,22.3017546,114.2592194,Hong Kong,Hong Kong,OpenStreetMap (leisure=dog_park),0.85,1201230320
Dog Park 1238343574,22.3255545,114.1944075,Hong Kong,Hong Kong,OpenStreetMap (leisure=dog_park),0.85,1238343574
Dog Park 1254819129,22.2686785,114.2421336,Hong Kong,Hong Kong,OpenStreetMap (leisure=dog_park),0.85,1254819129
Dog Park 1262589444,22.3041596,114.1579201,Hong Kong,Hong Kong,OpenStreetMap (leisure=dog_park),0.85,1262589444
Dog Park 1346575597,22.3654002,114.1258804,Hong Kong,Hong Kong,OpenStreetMap (leisure=dog_park),0.85,1346575597
毛孩躍動天地 Pet Pet Playland,22.3478482,114.0616899,Hong Kong,Hong Kong,OpenStreetMap (leisure=dog_park),0.85,1455106082
Dog Park 1460004252,22.353706,114.1178776,Hong Kong,Hong Kong,OpenStreetMap (leisure=dog_park),0.85,1460004252
Dog Park 1460105861,22.3538826,114.1178508,Hong Kong,Hong Kong,OpenStreetMap (leisure=dog_park),0.85,1460105861
Green dog,35.649463,139.700499,Tokyo,Japan,OpenStreetMap (leisure=dog_park),0.85,2356706340
Dog Garden,35.649494,139.700219,Tokyo,Japan,OpenStreetMap (leisure=dog_park),0.85,2356706362
ドッグラン,35.6622,139.6127459,Tokyo,Japan,OpenStreetMap (leisure=dog_park),0.85,328326164
Dog Park 470871317,35.7132966,139.6933473,Tokyo,Japan,OpenStreetMap (leisure=dog_park),0.85,470871317
ドッグラン,35.6239875,139.6641798,Tokyo,Japan,OpenStreetMap (leisure=dog_park),0.85,646382600
Dog Park 680734183,35.7151926,139.6793476,Tokyo,Japan,OpenStreetMap (leisure=dog_park),0.85,680734183
代々木公園ドッグラン,35.6729215,139.694123,Tokyo,Japan,OpenStreetMap (leisure=dog_park),0.85,680802488
Dog Park 10600486664,1.3029447,103.7668718,Singapore,Singapore,OpenStreetMap (leisure=dog_park),0.85,10600486664
Dog Park 543617736,1.35806,103.8326914,Singapore,Singapore,OpenStreetMap (leisure=dog_park),0.85,543617736
Dog Run,1.3623019,103.8486593,Singapore,Singapore,OpenStreetMap (leisure=dog_park),0.85,585741789
Dog Park 679581352,1.328853,103.8462268,Singapore,Singapore,OpenStreetMap (leisure=dog_park),0.85,679581352
Dog Park 1276429259,1.3047753,103.8481175,Singapore,Singapore,OpenStreetMap (leisure=dog_park),0.85,1276429259
Whampoa Pet Park,1.325243,103.8565609,Singapore,Singapore,OpenStreetMap (leisure=dog_park),0.85,1321546697
Dog Park 1444901676,1.3475443,103.8503869,Singapore,Singapore,OpenStreetMap (leisure=dog_park),0.85,1444901676
접근조심,37.5859106,126.9085063,Seoul,South Korea,OpenStreetMap (leisure=dog_park),0.85,4632073213
Dog Park 1107339643,37.5529425,127.0405936,Seoul,South Korea,OpenStreetMap (leisure=dog_park),0.85,1107339643
สาทร ด็อกพาร์ค,13.7083709,100.5191501,Bangkok,Thailand,OpenStreetMap (leisure=dog_park),0.85,1157347437
Dog Park 1251549804,13.796061,100.5518581,Bangkok,Thailand,OpenStreetMap (leisure=dog_park),0.85,1251549804
Dog Park 1251549805,13.7967308,100.551483,Bangkok,Thailand,OpenStreetMap (leisure=dog_park),0.85,1251549805
สวนสุนัขสวนเบญจกิติ,13.7334622,100.558442,Bangkok,Thailand,OpenStreetMap (leisure=dog_park),0.85,1306732425
Dog Park 1372026929,13.7402254,100.5233361,Bangkok,Thailand,OpenStreetMap (leisure=dog_park),0.85,1372026929
สวนสุนัขสวนลุมพินี,13.7332984,100.5446058,Bangkok,Thailand,OpenStreetMap (leisure=dog_park),0.85,1459514155
Dog Park 6202437632,-33.816814,151.2158257,Sydney,Australia,OpenStreetMap (leisure=dog_park),0.85,6202437632
Dog Park 27418922,-33.8914074,151.1447875,Sydney,Australia,OpenStreetMap (leisure=dog_park),0.85,27418922
Firmstone Reserve,-33.9370921,151.2283514,Sydney,Australia,OpenStreetMap (leisure=dog_park),0.85,172845320
Dog Park 273054497,-33.8904017,151.1738031,Sydney,Australia,OpenStreetMap (leisure=dog_park),0.85,273054497
Dog Park 362356727,-33.9021549,151.1529509,Sydney,Australia,OpenStreetMap (leisure=dog_park),0.85,362356727
Dog Park 455033033,-33.8094625,151.1720675,Sydney,Australia,OpenStreetMap (leisure=dog_park),0.85,455033033
Dog Park 460876055,-33.814847,151.1722942,Sydney,Australia,OpenStreetMap (leisure=dog_park),0.85,460876055
Dog Park 482588232,-33.8172928,151.20916,Sydney,Australia,OpenStreetMap (leisure=dog_park),0.85,482588232
Dog Park 539169347,-33.7977015,151.193562,Sydney,Australia,OpenStreetMap (leisure=dog_park),0.85,539169347
Dog Park 611927861,-33.8239856,151.2064478,Sydney,Australia,OpenStreetMap (leisure=dog_park),0.85,611927861
Dog Park 820958530,-33.9068538,151.2569625,Sydney,Australia,OpenStreetMap (leisure=dog_park),0.85,820958530
Dog Park 957716905,-33.7971961,151.1679288,Sydney,Australia,OpenStreetMap (leisure=dog_park),0.85,957716905
Dog Park 977330451,-33.8142919,151.1450761,Sydney,Australia,OpenStreetMap (leisure=dog_park),0.85,977330451
Dog Park 998885286,-33.9264122,151.1646693,Sydney,Australia,OpenStreetMap (leisure=dog_park),0.85,998885286
Dog Park 1035602259,-33.916086,151.168389,Sydney,Australia,OpenStreetMap (leisure=dog_park),0.85,1035602259
Steyne Park,-33.8730542,151.2416185,Sydney,Australia,OpenStreetMap (leisure=dog_park),0.85,1203377865
Burrows Park off-leash area,-33.9141149,151.2698266,Sydney,Australia,OpenStreetMap (leisure=dog_park),0.85,1415126416
Lewisham West Off-Leash Dog Park,-33.8934762,151.1438828,Sydney,Australia,OpenStreetMap (leisure=dog_park),0.85,1456463385
Dog Park 1481431940,-33.8899796,151.1982054,Sydney,Australia,OpenStreetMap (leisure=dog_park),0.85,1481431940
Clayton Reserve,-37.7962994,144.9392174,Melbourne,Australia,OpenStreetMap (leisure=dog_park),0.85,44618186
Recreation Hall Reserve,-37.8094255,145.0306439,Melbourne,Australia,OpenStreetMap (leisure=dog_park),0.85,220567995
Dog Park 490070989,-37.813372,144.8921844,Melbourne,Australia,OpenStreetMap (leisure=dog_park),0.85,490070989
Dog Park 516274144,-37.7892834,144.9739416,Melbourne,Australia,OpenStreetMap (leisure=dog_park),0.85,516274144
Off-leash dog walking area,-37.7678182,145.0055954,Melbourne,Australia,OpenStreetMap (leisure=dog_park),0.85,560919178
Gilpin Dog Park,-37.7686384,144.9502018,Melbourne,Australia,OpenStreetMap (leisure=dog_park),0.85,610917509
Dog Park 975357599,-37.7495617,144.962403,Melbourne,Australia,OpenStreetMap (leisure=dog_park),0.85,975357599
Pawfield Park,-37.8816952,145.0356598,Melbourne,Australia,OpenStreetMap (leisure=dog_park),0.85,1314537271
