country_code,country_name,country_name_full,region,continent,n_parks,parks_per_100k,park_density_score,estimated_population,n_nodes,n_ways,avg_lat,avg_lon,population,global_rank,global_percentile,tier,dog_park_access_score,development_level,analysis_year,last_updated,cluster,peer_1,peer_1_parks,peer_2,peer_2_parks,peer_3,peer_3_parks,parks_per_100k_display,global_rank_display,global_percentile_display,popup_text
DK,Denmark,Denmark,Europe & Central Asia,Europe,522,8.842905778838928,100,5903037,22,500,55.898569520306516,10.635686994827585,5903037,1,100,Top Tier,100,High Income,2023,2026-04-19,Leaders (High Parks),Netherlands,6.971,Austria,6.182,Belgium,5.788,8.84,1,100,<b>Denmark</b><br/>Region: Europe & Central Asia<br/>Dog Parks: 522<br/>Parks per 100k: 8.84<br/>Global Rank: 1 / 96<br/>Percentile: 100.0%<br/>Tier: Top Tier
GL,Greenland,Greenland,Europe & Central Asia,Americas,5,8.82441185295,99.79084747561274,56661,0,5,67.78933326,-51.7271285,56661,2,98.95833333333334,Top Tier,99.79084747561274,Low Income,2023,2026-04-19,Developing (Moderate Parks),Faroe Islands,3.71,Luxembourg,4.134,Iceland,3.141,8.82,2,99,<b>Greenland</b><br/>Region: Europe & Central Asia<br/>Dog Parks: 5<br/>Parks per 100k: 8.82<br/>Global Rank: 2 / 96<br/>Percentile: 99.0%<br/>Tier: Top Tier
NL,Netherlands,Netherlands,Europe & Central Asia,Europe,1234,6.971364639543728,78.83426395622327,17700982,203,1031,51.957599470340355,5.450459321474878,17700982,3,97.91666666666666,Top Tier,78.83426395622327,High Income,2023,2026-04-19,Leaders (High Parks),Austria,6.182,Belgium,5.788,Sweden,5.292,6.97,3,97.9,<b>Netherlands</b><br/>Region: Europe & Central Asia<br/>Dog Parks: 1234<br/>Parks per 100k: 6.97<br/>Global Rank: 3 / 96<br/>Percentile: 97.9%<br/>Tier: Top Tier
AT,Austria,Austria,Europe & Central Asia,Europe,559,6.182362438841339,69.91123684910092,9041851,32,527,47.887029425223616,15.353779440966012,9041851,4,96.875,Advanced,69.91123684910092,High Income,2023,2026-04-19,Leaders (High Parks),Belgium,5.788,Sweden,5.292,Netherlands,6.971,6.18,4,96.9,<b>Austria</b><br/>Region: Europe & Central Asia<br/>Dog Parks: 559<br/>Parks per 100k: 6.18<br/>Global Rank: 4 / 96<br/>Percentile: 96.9%<br/>Tier: Advanced
BE,Belgium,Belgium,Europe & Central Asia,Europe,676,5.787567175590165,65.44639653228347,11680210,49,627,51.00810492633136,4.426912578106509,11680210,5,95.83333333333334,Advanced,65.44639653228347,High Income,2023,2026-04-19,Leaders (High Parks),Austria,6.182,Sweden,5.292,Hungary,5.008,5.79,5,95.8,<b>Belgium</b><br/>Region: Europe & Central Asia<br/>Dog Parks: 676<br/>Parks per 100k: 5.79<br/>Global Rank: 5 / 96<br/>Percentile: 95.8%<br/>Tier: Advanced
EE,Estonia,Estonia,Europe & Central Asia,Europe,76,5.634471101094274,63.714993981688885,1348840,6,70,59.19590068026316,25.103058784210525,1348840,6,94.79166666666666,Advanced,63.714993981688885,High Income,2023,2026-04-19,Leaders (High Parks),Austria,6.182,Hungary,5.008,Sweden,5.292,5.63,6,94.8,<b>Estonia</b><br/>Region: Europe & Central Asia<br/>Dog Parks: 76<br/>Parks per 100k: 5.63<br/>Global Rank: 6 / 96<br/>Percentile: 94.8%<br/>Tier: Advanced
SE,Sweden,Sweden,Europe & Central Asia,Europe,555,5.292296390339185,59.84525291287901,10486941,56,499,58.39390918216216,15.580141353513513,10486941,7,93.75,Developing,59.84525291287901,High Income,2023,2026-04-19,Leaders (High Parks),Hungary,5.008,Belgium,5.788,Austria,6.182,5.29,7,93.8,<b>Sweden</b><br/>Region: Europe & Central Asia<br/>Dog Parks: 555<br/>Parks per 100k: 5.29<br/>Global Rank: 7 / 96<br/>Percentile: 93.8%<br/>Tier: Developing
HU,Hungary,Hungary,Europe & Central Asia,Europe,481,5.007769851642996,56.62746972390734,9605074,109,372,47.35511220582121,19.077539976507275,9605074,8,92.70833333333334,Developing,56.62746972390734,High Income,2023,2026-04-19,Leaders (High Parks),Sweden,5.292,Belgium,5.788,Austria,6.182,5.01,8,92.7,<b>Hungary</b><br/>Region: Europe & Central Asia<br/>Dog Parks: 481<br/>Parks per 100k: 5.01<br/>Global Rank: 8 / 96<br/>Percentile: 92.7%<br/>Tier: Developing
LU,Luxembourg,Luxembourg,Europe & Central Asia,Europe,27,4.134110546116003,46.747033828206256,653103,4,23,49.59924886666667,6.1005119444444444,653103,9,91.66666666666666,Developing,46.747033828206256,High Income,2023,2026-04-19,Developing (Moderate Parks),Iceland,3.141,Faroe Islands,3.71,Andorra,2.509,4.13,9,91.7,<b>Luxembourg</b><br/>Region: Europe & Central Asia<br/>Dog Parks: 27<br/>Parks per 100k: 4.13<br/>Global Rank: 9 / 96<br/>Percentile: 91.7%<br/>Tier: Developing
ES,Spain,Spain,Europe & Central Asia,Europe,1973,4.128815528833049,46.68715112736408,47786102,243,1730,40.03344777987836,-2.310339212214901,47786102,10,90.625,Developing,46.68715112736408,High Income,2023,2026-04-19,Leaders (High Parks),Italy,3.923,Australia,3.482,Czechia,3.776,4.13,10,90.6,<b>Spain</b><br/>Region: Europe & Central Asia<br/>Dog Parks: 1973<br/>Parks per 100k: 4.13<br/>Global Rank: 10 / 96<br/>Percentile: 90.6%<br/>Tier: Developing
IT,Italy,Italy,Europe & Central Asia,Europe,2315,3.9228201155505213,44.357496463503146,59013667,236,2079,44.370832771317495,10.663455760647949,59013667,11,89.58333333333334,Emerging,44.357496463503146,High Income,2023,2026-04-19,Leaders (High Parks),Spain,4.129,Australia,3.482,Canada,2.52,3.92,11,89.6,<b>Italy</b><br/>Region: Europe & Central Asia<br/>Dog Parks: 2315<br/>Parks per 100k: 3.92<br/>Global Rank: 11 / 96<br/>Percentile: 89.6%<br/>Tier: Emerging
CZ,Czechia,Czechia,Europe & Central Asia,Europe,403,3.7761951282772546,42.699277088631796,10672118,75,328,49.77926238635236,15.49348724540943,10672118,12,88.54166666666666,Emerging,42.699277088631796,High Income,2023,2026-04-19,Leaders (High Parks),Israel,2.919,Australia,3.482,Slovakia,3.093,3.78,12,88.5,<b>Czechia</b><br/>Region: Europe & Central Asia<br/>Dog Parks: 403<br/>Parks per 100k: 3.78<br/>Global Rank: 12 / 96<br/>Percentile: 88.5%<br/>Tier: Emerging
FO,Faroe Islands,Faroe Islands,Europe & Central Asia,Europe,2,3.7097492209526637,41.94782337698581,53912,0,2,62.226903199999995,-6.5720889499999995,53912,13,87.5,Emerging,41.94782337698581,Low Income,2023,2026-04-19,Developing (Moderate Parks),Monaco,2.569,Liechtenstein,2.532,Marshall Islands,2.495,3.71,13,87.5,<b>Faroe Islands</b><br/>Region: Europe & Central Asia<br/>Dog Parks: 2<br/>Parks per 100k: 3.71<br/>Global Rank: 13 / 96<br/>Percentile: 87.5%<br/>Tier: Emerging
AU,Australia,Australia,East Asia & Pacific,Oceania,906,3.482108132832509,39.373372256085645,26018721,60,846,-31.4069228205298,147.80680685728476,26018721,14,86.45833333333334,Emerging,39.373372256085645,High Income,2023,2026-04-19,Leaders (High Parks),Spain,4.129,Czechia,3.776,Italy,3.923,3.48,14,86.5,<b>Australia</b><br/>Region: East Asia & Pacific<br/>Dog Parks: 906<br/>Parks per 100k: 3.48<br/>Global Rank: 14 / 96<br/>Percentile: 86.5%<br/>Tier: Emerging
IS,Iceland,Iceland,Europe & Central Asia,Europe,12,3.1413365863618874,35.51949993001806,382003,1,11,64.19059175,-21.641926033333334,382003,15,85.41666666666666,Emerging,35.51949993001806,High Income,2023,2026-04-19,Developing (Moderate Parks),Luxembourg,4.134,Andorra,2.509,Faroe Islands,3.71,3.14,15,85.4,<b>Iceland</b><br/>Region: Europe & Central Asia<br/>Dog Parks: 12<br/>Parks per 100k: 3.14<br/>Global Rank: 15 / 96<br/>Percentile: 85.4%<br/>Tier: Emerging
SK,Slovakia,Slovakia,Europe & Central Asia,Europe,168,3.0929247137940026,34.97199771665892,5431752,20,148,48.494195513095235,18.895847922619048,5431752,16,84.375,Emerging,34.97199771665892,High Income,2023,2026-04-19,Leaders (High Parks),Croatia,2.723,Israel,2.919,Czechia,3.776,3.09,16,84.4,<b>Slovakia</b><br/>Region: Europe & Central Asia<br/>Dog Parks: 168<br/>Parks per 100k: 3.09<br/>Global Rank: 16 / 96<br/>Percentile: 84.4%<br/>Tier: Emerging
IL,Israel,Israel,Middle East & North Africa,Asia,279,2.9191734240125555,33.007000068696556,9557500,50,229,32.08708501648746,34.88664666845878,9557500,17,83.33333333333334,Emerging,33.007000068696556,High Income,2023,2026-04-19,Leaders (High Parks),Slovakia,3.093,Croatia,2.723,Czechia,3.776,2.92,17,83.3,<b>Israel</b><br/>Region: Middle East & North Africa<br/>Dog Parks: 279<br/>Parks per 100k: 2.92<br/>Global Rank: 17 / 96<br/>Percentile: 83.3%<br/>Tier: Emerging
HR,Croatia,Croatia,Europe & Central Asia,Europe,105,2.7232825877720463,30.79162064357598,3855641,15,90,45.11062776,15.935931131428571,3855641,18,82.29166666666666,Emerging,30.79162064357598,High Income,2023,2026-04-19,Leaders (High Parks),Slovakia,3.093,Israel,2.919,Czechia,3.776,2.72,18,82.3,<b>Croatia</b><br/>Region: Europe & Central Asia<br/>Dog Parks: 105<br/>Parks per 100k: 2.72<br/>Global Rank: 18 / 96<br/>Percentile: 82.3%<br/>Tier: Emerging
MC,Monaco,Monaco,Europe & Central Asia,Europe,1,2.5686470935758137,29.04280840299174,38931,0,1,43.7301438,7.4130649,38931,19,81.25,Low Tier,29.04280840299174,Low Income,2023,2026-04-19,Developing (Moderate Parks),Liechtenstein,2.532,Marshall Islands,2.495,Andorra,2.509,2.57,19,81.2,<b>Monaco</b><br/>Region: Europe & Central Asia<br/>Dog Parks: 1<br/>Parks per 100k: 2.57<br/>Global Rank: 19 / 96<br/>Percentile: 81.2%<br/>Tier: Low Tier
LI,Liechtenstein,Liechtenstein,Europe & Central Asia,Europe,1,2.532094295191553,28.629423483997112,39493,1,0,47.1666806,9.4956931,39493,20,80.20833333333334,Low Tier,28.629423483997112,Low Income,2023,2026-04-19,Developing (Moderate Parks),Monaco,2.569,Marshall Islands,2.495,Andorra,2.509,2.53,20,80.2,<b>Liechtenstein</b><br/>Region: Europe & Central Asia<br/>Dog Parks: 1<br/>Parks per 100k: 2.53<br/>Global Rank: 20 / 96<br/>Percentile: 80.2%<br/>Tier: Low Tier
CA,Canada,Canada,North America,Americas,981,2.5195234818304346,28.487256949759338,38935934,72,909,47.6182016764526,-94.88390411182466,38935934,21,79.16666666666666,Low Tier,28.487256949759338,High Income,2023,2026-04-19,Leaders (High Parks),Germany,2.426,Australia,3.482,Israel,2.919,2.52,21,79.2,<b>Canada</b><br/>Region: North America<br/>Dog Parks: 981<br/>Parks per 100k: 2.52<br/>Global Rank: 21 / 96<br/>Percentile: 79.2%<br/>Tier: Low Tier
AD,Andorra,Andorra,Europe & Central Asia,Europe,2,2.50925286995797,28.37110398077757,79705,0,2,42.505174,1.5251206,79705,22,78.125,Low Tier,28.37110398077757,Low Income,2023,2026-04-19,Developing (Moderate Parks),Marshall Islands,2.495,Liechtenstein,2.532,Monaco,2.569,2.51,22,78.1,<b>Andorra</b><br/>Region: Europe & Central Asia<br/>Dog Parks: 2<br/>Parks per 100k: 2.51<br/>Global Rank: 22 / 96<br/>Percentile: 78.1%<br/>Tier: Low Tier
MH,Marshall Islands,Marshall Islands,East Asia & Pacific,Oceania,1,2.4951967462634426,28.212139693180298,40077,0,1,8.7363505,167.7360049,40077,23,77.08333333333334,Low Tier,28.212139693180298,Low Income,2023,2026-04-19,Developing (Moderate Parks),Liechtenstein,2.532,Monaco,2.569,Andorra,2.509,2.5,23,77.1,<b>Marshall Islands</b><br/>Region: East Asia & Pacific<br/>Dog Parks: 1<br/>Parks per 100k: 2.50<br/>Global Rank: 23 / 96<br/>Percentile: 77.1%<br/>Tier: Low Tier
DE,Germany,Germany,Europe & Central Asia,Europe,2018,2.426127746349859,27.431020758477597,83177813,244,1774,51.27857283339941,9.458132547472745,83177813,24,76.04166666666666,Low Tier,27.431020758477597,High Income,2023,2026-04-19,Leaders (High Parks),Canada,2.52,Australia,3.482,Italy,3.923,2.43,24,76,<b>Germany</b><br/>Region: Europe & Central Asia<br/>Dog Parks: 2018<br/>Parks per 100k: 2.43<br/>Global Rank: 24 / 96<br/>Percentile: 76.0%<br/>Tier: Low Tier
LT,Lithuania,Lithuania,Europe & Central Asia,Europe,66,2.3308055864465773,26.35299814210309,2831639,4,62,55.1071035030303,24.055212195454544,2831639,25,75,Low Tier,26.35299814210309,High Income,2023,2026-04-19,Transitioning (Low-Moderate),Latvia,1.649,New Zealand,1.732,Norway,1.741,2.33,25,75,<b>Lithuania</b><br/>Region: Europe & Central Asia<br/>Dog Parks: 66<br/>Parks per 100k: 2.33<br/>Global Rank: 25 / 96<br/>Percentile: 75.0%<br/>Tier: Low Tier
NO,Norway,Norway,Europe & Central Asia,Europe,95,1.7408427548048635,19.680958020735492,5457127,8,87,61.03633610210527,10.468629344210527,5457127,26,73.95833333333334,Low Tier,19.680958020735492,High Income,2023,2026-04-19,Transitioning (Low-Moderate),New Zealand,1.732,Bulgaria,1.392,Switzerland,1.458,1.74,26,74,<b>Norway</b><br/>Region: Europe & Central Asia<br/>Dog Parks: 95<br/>Parks per 100k: 1.74<br/>Global Rank: 26 / 96<br/>Percentile: 74.0%<br/>Tier: Low Tier
NZ,New Zealand,New Zealand,East Asia & Pacific,Oceania,88,1.7317039573371118,19.57760502950346,5081700,7,81,-40.909839017045456,173.9285365715909,5081700,27,72.91666666666666,Low Tier,19.57760502950346,High Income,2023,2026-04-19,Transitioning (Low-Moderate),Norway,1.741,Bulgaria,1.392,Switzerland,1.458,1.73,27,72.9,<b>New Zealand</b><br/>Region: East Asia & Pacific<br/>Dog Parks: 88<br/>Parks per 100k: 1.73<br/>Global Rank: 27 / 96<br/>Percentile: 72.9%<br/>Tier: Low Tier
FR,France,France,Europe & Central Asia,Europe,1152,1.6895346105051479,19.100701131724357,68184457,353,799,46.19328620147569,3.937877500434028,68184457,28,71.875,Low Tier,19.100701131724357,High Income,2023,2026-04-19,Transitioning (Low-Moderate),Ukraine,0.48,Portugal,1.572,Romania,0.588,1.69,28,71.9,<b>France</b><br/>Region: Europe & Central Asia<br/>Dog Parks: 1152<br/>Parks per 100k: 1.69<br/>Global Rank: 28 / 96<br/>Percentile: 71.9%<br/>Tier: Low Tier
LV,Latvia,Latvia,Europe & Central Asia,Europe,31,1.6494775146949823,18.647685219438547,1879383,2,29,56.697363725806454,24.38011191935484,1879383,29,70.83333333333334,Low Tier,18.647685219438547,High Income,2023,2026-04-19,Transitioning (Low-Moderate),Cyprus,1.352,Lithuania,2.331,New Zealand,1.732,1.65,29,70.8,<b>Latvia</b><br/>Region: Europe & Central Asia<br/>Dog Parks: 31<br/>Parks per 100k: 1.65<br/>Global Rank: 29 / 96<br/>Percentile: 70.8%<br/>Tier: Low Tier
PT,Portugal,Portugal,Europe & Central Asia,Europe,164,1.5717345394031934,17.768470085058155,10434332,28,136,39.05831912804878,-9.36061214207317,10434332,30,69.79166666666666,Low Tier,17.768470085058155,High Income,2023,2026-04-19,Transitioning (Low-Moderate),Belarus,1.441,Switzerland,1.458,Bulgaria,1.392,1.57,30,69.8,<b>Portugal</b><br/>Region: Europe & Central Asia<br/>Dog Parks: 164<br/>Parks per 100k: 1.57<br/>Global Rank: 30 / 96<br/>Percentile: 69.8%<br/>Tier: Low Tier
CH,Switzerland,Switzerland,Europe & Central Asia,Europe,128,1.458342447973633,16.486090004674942,8777088,11,117,46.94730142890625,7.79538308515625,8777088,31,68.75,Low Tier,16.486090004674942,High Income,2023,2026-04-19,Transitioning (Low-Moderate),Belarus,1.441,Portugal,1.572,Bulgaria,1.392,1.46,31,68.8,<b>Switzerland</b><br/>Region: Europe & Central Asia<br/>Dog Parks: 128<br/>Parks per 100k: 1.46<br/>Global Rank: 31 / 96<br/>Percentile: 68.8%<br/>Tier: Low Tier
BY,Belarus,Belarus,Europe & Central Asia,Europe,133,1.4412546240704043,16.292839446242397,9228071,22,111,53.52480497293233,27.048987780451128,9228071,32,67.70833333333334,Low Tier,16.292839446242397,High Income,2023,2026-04-19,Transitioning (Low-Moderate),Switzerland,1.458,Portugal,1.572,Bulgaria,1.392,1.44,32,67.7,<b>Belarus</b><br/>Region: Europe & Central Asia<br/>Dog Parks: 133<br/>Parks per 100k: 1.44<br/>Global Rank: 32 / 96<br/>Percentile: 67.7%<br/>Tier: Low Tier
BG,Bulgaria,Bulgaria,Europe & Central Asia,Europe,90,1.3920904821690998,15.736829627140228,6465097,15,75,42.595412914444445,24.837772342222223,6465097,33,66.66666666666666,Low Tier,15.736829627140228,High Income,2023,2026-04-19,Transitioning (Low-Moderate),Switzerland,1.458,Belarus,1.441,Norway,1.741,1.39,33,66.7,<b>Bulgaria</b><br/>Region: Europe & Central Asia<br/>Dog Parks: 90<br/>Parks per 100k: 1.39<br/>Global Rank: 33 / 96<br/>Percentile: 66.7%<br/>Tier: Low Tier
CY,Cyprus,Cyprus,Europe & Central Asia,Asia,18,1.3519908064625161,15.283332167946668,1331370,14,4,34.911546977777775,33.20273775555555,1331370,34,65.625,Low Tier,15.283332167946668,High Income,2023,2026-04-19,Transitioning (Low-Moderate),Latvia,1.649,Malta,1.13,Lithuania,2.331,1.35,34,65.6,<b>Cyprus</b><br/>Region: Europe & Central Asia<br/>Dog Parks: 18<br/>Parks per 100k: 1.35<br/>Global Rank: 34 / 96<br/>Percentile: 65.6%<br/>Tier: Low Tier
MT,Malta,Malta,Middle East & North Africa,Europe,6,1.129703095198197,12.76942375118184,531113,0,6,35.878805783333334,14.4678933,531113,35,64.58333333333334,Low Tier,12.76942375118184,Low Income,2023,2026-04-19,Transitioning (Low-Moderate),Cyprus,1.352,Montenegro,0.321,Latvia,1.649,1.13,35,64.6,<b>Malta</b><br/>Region: Middle East & North Africa<br/>Dog Parks: 6<br/>Parks per 100k: 1.13<br/>Global Rank: 35 / 96<br/>Percentile: 64.6%<br/>Tier: Low Tier
RS,Serbia,Serbia,Europe & Central Asia,Europe,48,0.720239587698848,8.138696519316694,6664449,1,47,44.95026370208333,20.318661779166668,6664449,36,63.541666666666664,Low Tier,8.138696519316694,High Income,2023,2026-04-19,Transitioning (Low-Moderate),Ireland,0.652,Costa Rica,0.689,Singapore,0.568,0.72,36,63.5,<b>Serbia</b><br/>Region: Europe & Central Asia<br/>Dog Parks: 48<br/>Parks per 100k: 0.72<br/>Global Rank: 36 / 96<br/>Percentile: 63.5%<br/>Tier: Low Tier
CR,Costa Rica,Costa Rica,Latin America & Caribbean,Americas,35,0.6887370824900404,7.782426653820485,5081765,9,26,9.933062634285715,-84.08874417428572,5081765,37,62.5,Low Tier,7.782426653820485,High Income,2023,2026-04-19,Transitioning (Low-Moderate),Ireland,0.652,Singapore,0.568,Serbia,0.72,0.69,37,62.5,<b>Costa Rica</b><br/>Region: Latin America & Caribbean<br/>Dog Parks: 35<br/>Parks per 100k: 0.69<br/>Global Rank: 37 / 96<br/>Percentile: 62.5%<br/>Tier: Low Tier
IE,Ireland,Ireland,Europe & Central Asia,Europe,34,0.6522361340352929,7.369628118902023,5212836,3,31,53.099974761764706,-6.739919982352941,5212836,38,61.458333333333336,Low Tier,7.369628118902023,High Income,2023,2026-04-19,Transitioning (Low-Moderate),Costa Rica,0.689,Singapore,0.568,Serbia,0.72,0.65,38,61.5,<b>Ireland</b><br/>Region: Europe & Central Asia<br/>Dog Parks: 34<br/>Parks per 100k: 0.65<br/>Global Rank: 38 / 96<br/>Percentile: 61.5%<br/>Tier: Low Tier
RO,Romania,Romania,Europe & Central Asia,Europe,112,0.5879727445234276,6.642857057808076,19048502,13,99,45.28044986607143,24.84141675892857,19048502,39,60.416666666666664,Low Tier,6.642857057808076,High Income,2023,2026-04-19,Transitioning (Low-Moderate),Greece,0.431,Ukraine,0.48,Chile,0.199,0.59,39,60.4,<b>Romania</b><br/>Region: Europe & Central Asia<br/>Dog Parks: 112<br/>Parks per 100k: 0.59<br/>Global Rank: 39 / 96<br/>Percentile: 60.4%<br/>Tier: Low Tier
SG,Singapore,Singapore,East Asia & Pacific,Asia,32,0.567675627308178,6.413311782843212,5637022,4,28,1.336274625,103.855026390625,5637022,40,59.375,Low Tier,6.413311782843212,High Income,2023,2026-04-19,Transitioning (Low-Moderate),Ireland,0.652,Costa Rica,0.689,Serbia,0.72,0.57,40,59.4,<b>Singapore</b><br/>Region: East Asia & Pacific<br/>Dog Parks: 32<br/>Parks per 100k: 0.57<br/>Global Rank: 40 / 96<br/>Percentile: 59.4%<br/>Tier: Low Tier
UA,Ukraine,Ukraine,Europe & Central Asia,Europe,197,0.47991698459339804,5.4208269112786756,41048766,27,170,49.438999877664976,31.954137786294417,41048766,41,58.333333333333336,Low Tier,5.4208269112786756,High Income,2023,2026-04-19,Transitioning (Low-Moderate),Romania,0.588,Chile,0.199,Greece,0.431,0.48,41,58.3,<b>Ukraine</b><br/>Region: Europe & Central Asia<br/>Dog Parks: 197<br/>Parks per 100k: 0.48<br/>Global Rank: 41 / 96<br/>Percentile: 58.3%<br/>Tier: Low Tier
MK,North Macedonia,North Macedonia,Europe & Central Asia,Europe,8,0.43674988207753185,4.932639140012505,1831712,0,8,41.9968626,21.43678615,1831712,42,57.291666666666664,Low Tier,4.932639140012505,Low Income,2023,2026-04-19,Transitioning (Low-Moderate),Bosnia and Herzegovina,0.374,Georgia,0.431,Armenia,0.236,0.44,42,57.3,<b>North Macedonia</b><br/>Region: Europe & Central Asia<br/>Dog Parks: 8<br/>Parks per 100k: 0.44<br/>Global Rank: 42 / 96<br/>Percentile: 57.3%<br/>Tier: Low Tier
GR,Greece,Greece,Europe & Central Asia,Europe,45,0.43116325354641355,4.869458533195167,10436882,7,38,38.48670806444444,23.562439533333333,10436882,43,56.25,Low Tier,4.869458533195167,High Income,2023,2026-04-19,Transitioning (Low-Moderate),Singapore,0.568,Romania,0.588,Serbia,0.72,0.43,43,56.2,<b>Greece</b><br/>Region: Europe & Central Asia<br/>Dog Parks: 45<br/>Parks per 100k: 0.43<br/>Global Rank: 43 / 96<br/>Percentile: 56.2%<br/>Tier: Low Tier
GE,Georgia,Georgia,Europe & Central Asia,Asia,16,0.430976198800701,4.867343083371297,3712502,3,13,41.72565936875,44.597879075,3712502,44,55.208333333333336,Low Tier,4.867343083371297,High Income,2023,2026-04-19,Transitioning (Low-Moderate),Bosnia and Herzegovina,0.374,Singapore,0.568,Ireland,0.652,0.43,44,55.2,<b>Georgia</b><br/>Region: Europe & Central Asia<br/>Dog Parks: 16<br/>Parks per 100k: 0.43<br/>Global Rank: 44 / 96<br/>Percentile: 55.2%<br/>Tier: Low Tier
BA,Bosnia and Herzegovina,Bosnia & Herzegovina,Europe & Central Asia,Europe,12,0.3744381088129625,4.227939404780283,3204802,0,12,44.16843854166667,17.955651091666667,3204802,45,54.166666666666664,Low Tier,4.227939404780283,High Income,2023,2026-04-19,Transitioning (Low-Moderate),Georgia,0.431,Armenia,0.236,North Macedonia,0.437,0.37,45,54.2,<b>Bosnia and Herzegovina</b><br/>Region: Europe & Central Asia<br/>Dog Parks: 12<br/>Parks per 100k: 0.37<br/>Global Rank: 45 / 96<br/>Percentile: 54.2%<br/>Tier: Low Tier
BB,Barbados,Barbados,Latin America & Caribbean,Americas,1,0.35421050021606837,3.9991802205071982,282318,0,1,13.116423,-59.5986259,282318,46,53.125,Low Tier,3.9991802205071982,Low Income,2023,2026-04-19,Transitioning (Low-Moderate),Montenegro,0.321,Bhutan,0.128,Malta,1.13,0.35,46,53.1,<b>Barbados</b><br/>Region: Latin America & Caribbean<br/>Dog Parks: 1<br/>Parks per 100k: 0.35<br/>Global Rank: 46 / 96<br/>Percentile: 53.1%<br/>Tier: Low Tier
ME,Montenegro,Montenegro,Europe & Central Asia,Europe,2,0.3207230380169053,3.6204619701831064,623591,2,0,42.365376,19.037636550000002,623591,47,52.083333333333336,Low Tier,3.6204619701831064,Low Income,2023,2026-04-19,Transitioning (Low-Moderate),Barbados,0.354,Bhutan,0.128,North Macedonia,0.437,0.32,47,52.1,<b>Montenegro</b><br/>Region: Europe & Central Asia<br/>Dog Parks: 2<br/>Parks per 100k: 0.32<br/>Global Rank: 47 / 96<br/>Percentile: 52.1%<br/>Tier: Low Tier
AM,Armenia,Armenia,Europe & Central Asia,Asia,7,0.23575373838070862,2.6595224908609567,2969200,0,7,40.16961068571429,44.49243295714286,2969200,48,51.041666666666664,Low Tier,2.6595224908609567,Low Income,2023,2026-04-19,Transitioning (Low-Moderate),Bosnia and Herzegovina,0.374,Georgia,0.431,Panama,0.114,0.24,48,51,<b>Armenia</b><br/>Region: Europe & Central Asia<br/>Dog Parks: 7<br/>Parks per 100k: 0.24<br/>Global Rank: 48 / 96<br/>Percentile: 51.0%<br/>Tier: Low Tier
JP,Japan,Japan,East Asia & Pacific,Asia,290,0.23176825214346272,2.614449610584641,125124989,59,231,35.974095946206894,138.07296956275863,125124989,49,50,Low Tier,2.614449610584641,Upper-Middle Income,2023,2026-04-19,Emerging (Low Parks),Mexico,0.1,Brazil,0.114,United Kingdom,0.105,0.23,49,50,<b>Japan</b><br/>Region: East Asia & Pacific<br/>Dog Parks: 290<br/>Parks per 100k: 0.23<br/>Global Rank: 49 / 96<br/>Percentile: 50.0%<br/>Tier: Low Tier
CL,Chile,Chile,Latin America & Caribbean,Americas,39,0.19945751646956514,2.2490392606355627,19553036,16,23,-33.14594397692308,-70.68531315897435,19553036,50,48.95833333333333,Low Tier,2.2490392606355627,High Income,2023,2026-04-19,Transitioning (Low-Moderate),United Arab Emirates,0.119,Greece,0.431,Romania,0.588,0.2,50,49,<b>Chile</b><br/>Region: Latin America & Caribbean<br/>Dog Parks: 39<br/>Parks per 100k: 0.20<br/>Global Rank: 50 / 96<br/>Percentile: 49.0%<br/>Tier: Low Tier
AR,Argentina,Argentina,Latin America & Caribbean,Americas,75,0.16516948238791201,1.8612671387223934,45407904,13,62,-34.645894430666665,-59.060421116,45407904,51,47.91666666666667,Low Tier,1.8612671387223934,High Income,2023,2026-04-19,Emerging (Low Parks),Colombia,0.164,"Taiwan, Province of China",0.104,United Kingdom,0.105,0.17,51,47.9,<b>Argentina</b><br/>Region: Latin America & Caribbean<br/>Dog Parks: 75<br/>Parks per 100k: 0.17<br/>Global Rank: 51 / 96<br/>Percentile: 47.9%<br/>Tier: Low Tier
CO,Colombia,Colombia,Latin America & Caribbean,Americas,85,0.1642894816230038,1.8513149856452864,51737944,48,37,5.239091844705882,-74.37371305058824,51737944,52,46.875,Low Tier,1.8513149856452864,High Income,2023,2026-04-19,Emerging (Low Parks),Argentina,0.165,"Taiwan, Province of China",0.104,United Kingdom,0.105,0.16,52,46.9,<b>Colombia</b><br/>Region: Latin America & Caribbean<br/>Dog Parks: 85<br/>Parks per 100k: 0.16<br/>Global Rank: 52 / 96<br/>Percentile: 46.9%<br/>Tier: Low Tier
BT,Bhutan,Bhutan,South Asia,Asia,1,0.12805507392619417,1.4415308281342845,780914,0,1,27.5022661,90.5067598,780914,53,45.83333333333333,Low Tier,1.4415308281342845,Low Income,2023,2026-04-19,Transitioning (Low-Moderate),Montenegro,0.321,"Moldova, Republic of",0.079,Barbados,0.354,0.13,53,45.8,<b>Bhutan</b><br/>Region: South Asia<br/>Dog Parks: 1<br/>Parks per 100k: 0.13<br/>Global Rank: 53 / 96<br/>Percentile: 45.8%<br/>Tier: Low Tier
AE,United Arab Emirates,United Arab Emirates,Middle East & North Africa,Asia,12,0.11910697165859534,1.3403344575538119,10074977,5,7,25.024521316666668,55.133651058333335,10074977,54,44.79166666666667,Low Tier,1.3403344575538119,High Income,2023,2026-04-19,Transitioning (Low-Moderate),Chile,0.199,Panama,0.114,Greece,0.431,0.12,54,44.8,<b>United Arab Emirates</b><br/>Region: Middle East & North Africa<br/>Dog Parks: 12<br/>Parks per 100k: 0.12<br/>Global Rank: 54 / 96<br/>Percentile: 44.8%<br/>Tier: Low Tier
KZ,Kazakhstan,Kazakhstan,Europe & Central Asia,Asia,23,0.11480134201770548,1.2916409938794546,20034609,5,18,45.9098276,75.86178585652173,20034609,55,43.75,Low Tier,1.2916409938794546,High Income,2023,2026-04-19,Emerging (Low Parks),Ecuador,0.062,Argentina,0.165,"Taiwan, Province of China",0.104,0.11,55,43.8,<b>Kazakhstan</b><br/>Region: Europe & Central Asia<br/>Dog Parks: 23<br/>Parks per 100k: 0.11<br/>Global Rank: 55 / 96<br/>Percentile: 43.8%<br/>Tier: Low Tier
BR,Brazil,Brazil,Latin America & Caribbean,Americas,240,0.11411920078614815,1.2839264847251668,210306415,89,151,-19.49785189875,-44.85016474625,210306415,56,42.70833333333333,Low Tier,1.2839264847251668,Upper-Middle Income,2023,2026-04-19,Emerging (Low Parks),Mexico,0.1,Japan,0.232,Türkiye,0.068,0.11,56,42.7,<b>Brazil</b><br/>Region: Latin America & Caribbean<br/>Dog Parks: 240<br/>Parks per 100k: 0.11<br/>Global Rank: 56 / 96<br/>Percentile: 42.7%<br/>Tier: Low Tier
PA,Panama,Panama,Latin America & Caribbean,Americas,5,0.11361640330005661,1.2782402197264204,4400773,0,5,8.99702038,-79.53615836,4400773,57,41.66666666666667,Low Tier,1.2782402197264204,Low Income,2023,2026-04-19,Transitioning (Low-Moderate),Uruguay,0.059,"Moldova, Republic of",0.079,Armenia,0.236,0.11,57,41.7,<b>Panama</b><br/>Region: Latin America & Caribbean<br/>Dog Parks: 5<br/>Parks per 100k: 0.11<br/>Global Rank: 57 / 96<br/>Percentile: 41.7%<br/>Tier: Low Tier
GB,United Kingdom,United Kingdom,Europe & Central Asia,Europe,71,0.10502337139814212,1.181059430465134,67604000,71,0,52.53164196478873,-1.4886752661971832,67604000,58,40.625,Low Tier,1.181059430465134,High Income,2023,2026-04-19,Emerging (Low Parks),"Taiwan, Province of China",0.104,"Korea, Republic of",0.083,Türkiye,0.068,0.11,58,40.6,<b>United Kingdom</b><br/>Region: Europe & Central Asia<br/>Dog Parks: 71<br/>Parks per 100k: 0.11<br/>Global Rank: 58 / 96<br/>Percentile: 40.6%<br/>Tier: Low Tier
TW,"Taiwan, Province of China",Taiwan,East Asia & Pacific,Asia,52,0.104,1.1694858623329454,50000000,2,50,24.84630821153846,121.27950636538462,NA,59,39.58333333333333,Low Tier,1.1694858623329454,High Income,2023,2026-04-19,Emerging (Low Parks),"Korea, Republic of",0.083,United Kingdom,0.105,Colombia,0.164,0.1,59,39.6,"<b>Taiwan, Province of China</b><br/>Region: East Asia & Pacific<br/>Dog Parks: 52<br/>Parks per 100k: 0.10<br/>Global Rank: 59 / 96<br/>Percentile: 39.6%<br/>Tier: Low Tier"
MX,Mexico,Mexico,Latin America & Caribbean,Americas,128,0.09952328579362554,1.1188575596757944,128613117,29,99,20.3946495359375,-99.45249238671875,128613117,60,38.54166666666667,Low Tier,1.1188575596757944,Upper-Middle Income,2023,2026-04-19,Emerging (Low Parks),Brazil,0.114,Türkiye,0.068,United Kingdom,0.105,0.1,60,38.5,<b>Mexico</b><br/>Region: Latin America & Caribbean<br/>Dog Parks: 128<br/>Parks per 100k: 0.10<br/>Global Rank: 60 / 96<br/>Percentile: 38.5%<br/>Tier: Low Tier
KR,"Korea, Republic of",South Korea,East Asia & Pacific,Asia,43,0.08321629992888491,0.934437697757783,51672569,17,26,37.09009629767442,127.23280359069767,51672569,61,37.5,Low Tier,0.934437697757783,High Income,2023,2026-04-19,Emerging (Low Parks),"Taiwan, Province of China",0.104,United Kingdom,0.105,Türkiye,0.068,0.08,61,37.5,"<b>Korea, Republic of</b><br/>Region: East Asia & Pacific<br/>Dog Parks: 43<br/>Parks per 100k: 0.08<br/>Global Rank: 61 / 96<br/>Percentile: 37.5%<br/>Tier: Low Tier"
MD,"Moldova, Republic of",Moldova,Europe & Central Asia,Europe,2,0.079093462371680745,0.8878114763753265,2528654,0,2,46.9119099,29.1678621,2528654,62,36.45833333333333,Low Tier,0.8878114763753265,Low Income,2023,2026-04-19,Transitioning (Low-Moderate),Uruguay,0.059,Albania,0.041,Panama,0.114,0.08,62,36.5,"<b>Moldova, Republic of</b><br/>Region: Europe & Central Asia<br/>Dog Parks: 2<br/>Parks per 100k: 0.08<br/>Global Rank: 62 / 96<br/>Percentile: 36.5%<br/>Tier: Low Tier"
TR,Türkiye,Turkey,Europe & Central Asia,Asia,58,0.06825142313337035,0.7651960895819766,84979913,13,45,39.881777720689655,29.60881975689655,84979913,63,35.41666666666667,Low Tier,0.7651960895819766,High Income,2023,2026-04-19,Emerging (Low Parks),United Kingdom,0.105,Mexico,0.1,"Korea, Republic of",0.083,0.07,63,35.4,<b>Türkiye</b><br/>Region: Europe & Central Asia<br/>Dog Parks: 58<br/>Parks per 100k: 0.07<br/>Global Rank: 63 / 96<br/>Percentile: 35.4%<br/>Tier: Low Tier
EC,Ecuador,Ecuador,Latin America & Caribbean,Americas,11,0.061714898823753306,0.6912728691534985,17823897,3,8,-0.9192631545454545,-78.99165283636364,17823897,64,34.375,Low Tier,0.6912728691534985,High Income,2023,2026-04-19,Emerging (Low Parks),Kazakhstan,0.115,"Bolivia, Plurinational State of",0.033,"Venezuela, Bolivarian Republic of",0.035,0.06,64,34.4,<b>Ecuador</b><br/>Region: Latin America & Caribbean<br/>Dog Parks: 11<br/>Parks per 100k: 0.06<br/>Global Rank: 64 / 96<br/>Percentile: 34.4%<br/>Tier: Low Tier
UY,Uruguay,Uruguay,Latin America & Caribbean,Americas,2,0.05898116524959503,0.660356378978757,3390913,0,2,-34.692912050000004,-56.99335025,3390913,65,33.33333333333333,Low Tier,0.660356378978757,Low Income,2023,2026-04-19,Transitioning (Low-Moderate),"Moldova, Republic of",0.079,Albania,0.041,Panama,0.114,0.06,65,33.3,<b>Uruguay</b><br/>Region: Latin America & Caribbean<br/>Dog Parks: 2<br/>Parks per 100k: 0.06<br/>Global Rank: 65 / 96<br/>Percentile: 33.3%<br/>Tier: Low Tier
PE,Peru,Peru,Latin America & Caribbean,Americas,15,0.04480897307452706,0.5000794433340884,33475438,4,11,-11.145991733333334,-77.03425232000001,33475438,66,32.29166666666667,Low Tier,0.5000794433340884,High Income,2023,2026-04-19,Emerging (Low Parks),"Venezuela, Bolivarian Republic of",0.035,"Korea, Republic of",0.083,Ecuador,0.062,0.04,66,32.3,<b>Peru</b><br/>Region: Latin America & Caribbean<br/>Dog Parks: 15<br/>Parks per 100k: 0.04<br/>Global Rank: 66 / 96<br/>Percentile: 32.3%<br/>Tier: Low Tier
KG,Kyrgyzstan,Kyrgyzstan,Europe & Central Asia,Asia,3,0.04300939611940555,0.47972756860217136,6975220,1,2,42.1015599,73.98296963333334,6975220,67,31.25,Low Tier,0.47972756860217136,Low Income,2023,2026-04-19,Emerging (Low Parks),"Bolivia, Plurinational State of",0.033,Oman,0.021,Cuba,0.018,0.04,67,31.2,<b>Kyrgyzstan</b><br/>Region: Europe & Central Asia<br/>Dog Parks: 3<br/>Parks per 100k: 0.04<br/>Global Rank: 67 / 96<br/>Percentile: 31.2%<br/>Tier: Low Tier
AL,Albania,Albania,Europe & Central Asia,Europe,1,0.04078908940805242,0.45461755375824237,2451636,0,1,41.3255451,19.8179872,2451636,68,30.208333333333332,Low Tier,0.45461755375824237,Low Income,2023,2026-04-19,Transitioning (Low-Moderate),Uruguay,0.059,"Moldova, Republic of",0.079,Panama,0.114,0.04,68,30.2,<b>Albania</b><br/>Region: Europe & Central Asia<br/>Dog Parks: 1<br/>Parks per 100k: 0.04<br/>Global Rank: 68 / 96<br/>Percentile: 30.2%<br/>Tier: Low Tier
VE,"Venezuela, Bolivarian Republic of",Venezuela,Latin America & Caribbean,Americas,10,0.035444631816583104,0.39417571985829525,28213017,2,8,10.43198186,-67.03431945,28213017,69,29.166666666666668,Low Tier,0.39417571985829525,High Income,2023,2026-04-19,Emerging (Low Parks),Peru,0.045,Malaysia,0.017,Ecuador,0.062,0.04,69,29.2,"<b>Venezuela, Bolivarian Republic of</b><br/>Region: Latin America & Caribbean<br/>Dog Parks: 10<br/>Parks per 100k: 0.04<br/>Global Rank: 69 / 96<br/>Percentile: 29.2%<br/>Tier: Low Tier"
BO,"Bolivia, Plurinational State of",Bolivia,Latin America & Caribbean,Americas,4,0.03312038581275026,0.3678902290480559,12077154,2,2,-16.516201825,-68.12171674999999,12077154,70,28.125,Low Tier,0.3678902290480559,Low Income,2023,2026-04-19,Emerging (Low Parks),Cuba,0.018,Dominican Republic,0.018,Tunisia,0.017,0.03,70,28.1,"<b>Bolivia, Plurinational State of</b><br/>Region: Latin America & Caribbean<br/>Dog Parks: 4<br/>Parks per 100k: 0.03<br/>Global Rank: 70 / 96<br/>Percentile: 28.1%<br/>Tier: Low Tier"
OM,Oman,Oman,Middle East & North Africa,Asia,1,0.021140638946215255,0.23240821653732432,4730226,0,1,23.623715,58.267424,4730226,71,27.083333333333332,Low Tier,0.23240821653732432,Low Income,2023,2026-04-19,Emerging (Low Parks),Paraguay,0.015,Kyrgyzstan,0.043,Cuba,0.018,0.02,71,27.1,<b>Oman</b><br/>Region: Middle East & North Africa<br/>Dog Parks: 1<br/>Parks per 100k: 0.02<br/>Global Rank: 71 / 96<br/>Percentile: 27.1%<br/>Tier: Low Tier
CU,Cuba,Cuba,Latin America & Caribbean,Americas,2,0.018083476946279417,0.19783399181145245,11059820,0,2,22.7544715,-81.1521593,11059820,72,26.041666666666668,Low Tier,0.19783399181145245,Low Income,2023,2026-04-19,Emerging (Low Parks),Dominican Republic,0.018,Tunisia,0.017,Azerbaijan,0.01,0.02,72,26,<b>Cuba</b><br/>Region: Latin America & Caribbean<br/>Dog Parks: 2<br/>Parks per 100k: 0.02<br/>Global Rank: 72 / 96<br/>Percentile: 26.0%<br/>Tier: Low Tier
DO,Dominican Republic,Dominican Republic,Latin America & Caribbean,Americas,2,0.01780827504239705,0.19472166329565366,11230734,0,2,18.834778649999997,-70.23403935,11230734,73,25,Low Tier,0.19472166329565366,Low Income,2023,2026-04-19,Emerging (Low Parks),Cuba,0.018,Tunisia,0.017,Azerbaijan,0.01,0.02,73,25,<b>Dominican Republic</b><br/>Region: Latin America & Caribbean<br/>Dog Parks: 2<br/>Parks per 100k: 0.02<br/>Global Rank: 73 / 96<br/>Percentile: 25.0%<br/>Tier: Low Tier
MY,Malaysia,Malaysia,East Asia & Pacific,Asia,6,0.017293312419569884,0.1888978196630871,34695493,1,5,3.6924970666666668,103.80583615,34695493,74,23.958333333333336,Low Tier,0.1888978196630871,Low Income,2023,2026-04-19,Emerging (Low Parks),Nepal,0.01,Saudi Arabia,0.009,"Venezuela, Bolivarian Republic of",0.035,0.02,74,24,<b>Malaysia</b><br/>Region: East Asia & Pacific<br/>Dog Parks: 6<br/>Parks per 100k: 0.02<br/>Global Rank: 74 / 96<br/>Percentile: 24.0%<br/>Tier: Low Tier
TH,Thailand,Thailand,East Asia & Pacific,Asia,12,0.016728159147356807,0.18250635717648453,71735329,1,11,13.738731483333334,100.5354244,71735329,75,22.916666666666664,Low Tier,0.18250635717648453,High Income,2023,2026-04-19,Emerging (Low Parks),"Iran, Islamic Republic of",0.008,Malaysia,0.017,Algeria,0.007,0.02,75,22.9,<b>Thailand</b><br/>Region: East Asia & Pacific<br/>Dog Parks: 12<br/>Parks per 100k: 0.02<br/>Global Rank: 75 / 96<br/>Percentile: 22.9%<br/>Tier: Low Tier
TN,Tunisia,Tunisia,Middle East & North Africa,Africa,2,0.016502556988692612,0.1799549648287904,12119334,2,0,36.8020118,10.6077233,12119334,76,21.875,Low Tier,0.1799549648287904,Low Income,2023,2026-04-19,Emerging (Low Parks),Dominican Republic,0.018,Cuba,0.018,Azerbaijan,0.01,0.02,76,21.9,<b>Tunisia</b><br/>Region: Middle East & North Africa<br/>Dog Parks: 2<br/>Parks per 100k: 0.02<br/>Global Rank: 76 / 96<br/>Percentile: 21.9%<br/>Tier: Low Tier
PY,Paraguay,Paraguay,Latin America & Caribbean,Americas,1,0.014791884107363045,0.16060852894060898,6760464,1,0,-25.4337553,-54.6422588,6760464,77,20.833333333333336,Low Tier,0.16060852894060898,Low Income,2023,2026-04-19,Emerging (Low Parks),Oman,0.021,Azerbaijan,0.01,Cuba,0.018,0.01,77,20.8,<b>Paraguay</b><br/>Region: Latin America & Caribbean<br/>Dog Parks: 1<br/>Parks per 100k: 0.01<br/>Global Rank: 77 / 96<br/>Percentile: 20.8%<br/>Tier: Low Tier
NP,Nepal,Nepal,South Asia,Asia,3,0.010095763023635258,0.10749889795209185,29715436,2,1,28.1622586,83.48243326666666,29715436,78,19.791666666666664,Low Tier,0.10749889795209185,Low Income,2023,2026-04-19,Emerging (Low Parks),Saudi Arabia,0.009,Madagascar,0.007,Malaysia,0.017,0.01,78,19.8,<b>Nepal</b><br/>Region: South Asia<br/>Dog Parks: 3<br/>Parks per 100k: 0.01<br/>Global Rank: 78 / 96<br/>Percentile: 19.8%<br/>Tier: Low Tier
AZ,Azerbaijan,Azerbaijan,Europe & Central Asia,Asia,1,0.00986022538897603,0.10483514277252355,10141756,0,1,39.8470755,46.7721335,10141756,79,18.75,Low Tier,0.10483514277252355,Low Income,2023,2026-04-19,Emerging (Low Parks),Honduras,0.01,Tunisia,0.017,Dominican Republic,0.018,0.01,79,18.8,<b>Azerbaijan</b><br/>Region: Europe & Central Asia<br/>Dog Parks: 1<br/>Parks per 100k: 0.01<br/>Global Rank: 79 / 96<br/>Percentile: 18.8%<br/>Tier: Low Tier
HN,Honduras,Honduras,Latin America & Caribbean,Americas,1,0.009556691824976453,0.10140240428703064,10463872,0,1,15.4668069,-88.0041092,10463872,80,17.708333333333336,Low Tier,0.10140240428703064,Low Income,2023,2026-04-19,Emerging (Low Parks),Azerbaijan,0.01,Tunisia,0.017,Dominican Republic,0.018,0.01,80,17.7,<b>Honduras</b><br/>Region: Latin America & Caribbean<br/>Dog Parks: 1<br/>Parks per 100k: 0.01<br/>Global Rank: 80 / 96<br/>Percentile: 17.7%<br/>Tier: Low Tier
SA,Saudi Arabia,Saudi Arabia,Middle East & North Africa,Asia,3,0.009323944411389335,0.09877020442915746,32175224,1,2,26.997881433333333,39.01607253333333,32175224,81,16.666666666666664,Low Tier,0.09877020442915746,Low Income,2023,2026-04-19,Emerging (Low Parks),Nepal,0.01,Madagascar,0.007,Algeria,0.007,0.01,81,16.7,<b>Saudi Arabia</b><br/>Region: Middle East & North Africa<br/>Dog Parks: 3<br/>Parks per 100k: 0.01<br/>Global Rank: 81 / 96<br/>Percentile: 16.7%<br/>Tier: Low Tier
IR,"Iran, Islamic Republic of",Iran,Middle East & North Africa,Asia,7,0.007819110813845894,0.08175165749654444,89524246,5,2,33.5819213,52.25630784285714,89524246,82,15.625,Low Tier,0.08175165749654444,Low Income,2023,2026-04-19,Emerging (Low Parks),Kenya,0.006,Thailand,0.017,Algeria,0.007,0.01,82,15.6,"<b>Iran, Islamic Republic of</b><br/>Region: Middle East & North Africa<br/>Dog Parks: 7<br/>Parks per 100k: 0.01<br/>Global Rank: 82 / 96<br/>Percentile: 15.6%<br/>Tier: Low Tier"
DZ,Algeria,Algeria,Middle East & North Africa,Africa,3,0.00659668478328868,0.06792692976143337,45477389,2,1,35.39153533333334,4.153710833333333,45477389,83,14.583333333333334,Low Tier,0.06792692976143337,Low Income,2023,2026-04-19,Emerging (Low Parks),Kenya,0.006,Morocco,0.005,Namibia,0.004,0.01,83,14.6,<b>Algeria</b><br/>Region: Middle East & North Africa<br/>Dog Parks: 3<br/>Parks per 100k: 0.01<br/>Global Rank: 83 / 96<br/>Percentile: 14.6%<br/>Tier: Low Tier
MG,Madagascar,Madagascar,Sub-Saharan Africa,Africa,2,0.006570893484798124,0.06763524938924398,30437261,2,0,-18.8661456,47.50001435,30437261,84,13.541666666666666,Low Tier,0.06763524938924398,Low Income,2023,2026-04-19,Emerging (Low Parks),Morocco,0.005,Saudi Arabia,0.009,Nepal,0.01,0.01,84,13.5,<b>Madagascar</b><br/>Region: Sub-Saharan Africa<br/>Dog Parks: 2<br/>Parks per 100k: 0.01<br/>Global Rank: 84 / 96<br/>Percentile: 13.5%<br/>Tier: Low Tier
KE,Kenya,Kenya,Sub-Saharan Africa,Africa,3,0.0055297030672949565,0.05586016142271346,54252461,2,1,-2.0610013,37.80066106666666,54252461,85,12.5,Low Tier,0.05586016142271346,Low Income,2023,2026-04-19,Emerging (Low Parks),Algeria,0.007,Namibia,0.004,Morocco,0.005,0.01,85,12.5,<b>Kenya</b><br/>Region: Sub-Saharan Africa<br/>Dog Parks: 3<br/>Parks per 100k: 0.01<br/>Global Rank: 85 / 96<br/>Percentile: 12.5%<br/>Tier: Low Tier
MA,Morocco,Morocco,Middle East & North Africa,Africa,2,0.005357755554760227,0.05391556315165188,37329064,1,1,32.7109781,-5.542052050000001,37329064,86,11.458333333333332,Low Tier,0.05391556315165188,Low Income,2023,2026-04-19,Emerging (Low Parks),Algeria,0.007,Madagascar,0.007,Namibia,0.004,0.01,86,11.5,<b>Morocco</b><br/>Region: Middle East & North Africa<br/>Dog Parks: 2<br/>Parks per 100k: 0.01<br/>Global Rank: 86 / 96<br/>Percentile: 11.5%<br/>Tier: Low Tier
CN,China,China,East Asia & Pacific,Asia,74,0.005240143749889355,0.052585461255806557,1412175000,5,69,23.867048563513514,114.7053490027027,1412175000,87,10.416666666666668,Low Tier,0.052585461255806557,Upper-Middle Income,2023,2026-04-19,Emerging (Low Parks),India,0.002,Indonesia,0.003,Bangladesh,0.001,0.01,87,10.4,<b>China</b><br/>Region: East Asia & Pacific<br/>Dog Parks: 74<br/>Parks per 100k: 0.01<br/>Global Rank: 87 / 96<br/>Percentile: 10.4%<br/>Tier: Low Tier
NA,Namibia,NA,NA,NA,2,0.004,0.03856035931421503,50000000,0,2,-22.5934016,17.1094866,NA,88,9.375,Low Tier,0.03856035931421503,Low Income,2023,2026-04-19,Emerging (Low Parks),Kenya,0.006,Morocco,0.005,Algeria,0.007,0,88,9.4,<b>Namibia</b><br/>Region: NA<br/>Dog Parks: 2<br/>Parks per 100k: 0.00<br/>Global Rank: 88 / 96<br/>Percentile: 9.4%<br/>Tier: Low Tier
ID,Indonesia,Indonesia,East Asia & Pacific,Asia,8,0.0028691262856657992,0.025771020071874366,278830529,1,7,-5.6708684125,114.619337675,278830529,89,8.333333333333332,Low Tier,0.025771020071874366,Developing,2023,2026-04-19,Emerging (Low Parks),Bangladesh,0.001,Egypt,0.002,Viet Nam,0.002,0,89,8.3,<b>Indonesia</b><br/>Region: East Asia & Pacific<br/>Dog Parks: 8<br/>Parks per 100k: 0.00<br/>Global Rank: 89 / 96<br/>Percentile: 8.3%<br/>Tier: Low Tier
UZ,Uzbekistan,Uzbekistan,Europe & Central Asia,Asia,1,0.0028621348291613183,0.02569195190723273,34938955,0,1,41.3277911,69.1589721,34938955,90,7.291666666666667,Low Tier,0.02569195190723273,Low Income,2023,2026-04-19,Emerging (Low Parks),Iraq,0.002,Jersey,0.002,Namibia,0.004,0,90,7.3,<b>Uzbekistan</b><br/>Region: Europe & Central Asia<br/>Dog Parks: 1<br/>Parks per 100k: 0.00<br/>Global Rank: 90 / 96<br/>Percentile: 7.3%<br/>Tier: Low Tier
IQ,Iraq,Iraq,Middle East & North Africa,Asia,1,0.0022690889433172735,0.01898504473961908,44070551,1,0,33.368153,43.7734745,44070551,91,6.25,Low Tier,0.01898504473961908,Low Income,2023,2026-04-19,Emerging (Low Parks),Jersey,0.002,Uzbekistan,0.003,Namibia,0.004,0,91,6.2,<b>Iraq</b><br/>Region: Middle East & North Africa<br/>Dog Parks: 1<br/>Parks per 100k: 0.00<br/>Global Rank: 91 / 96<br/>Percentile: 6.2%<br/>Tier: Low Tier
VN,Viet Nam,Vietnam,East Asia & Pacific,Asia,2,0.002006407361588866,0.016014311740119535,99680655,1,1,14.42218395,106.54733145,99680655,92,5.208333333333334,Low Tier,0.016014311740119535,Low Income,2023,2026-04-19,Emerging (Low Parks),Egypt,0.002,Jersey,0.002,Bangladesh,0.001,0,92,5.2,<b>Viet Nam</b><br/>Region: East Asia & Pacific<br/>Dog Parks: 2<br/>Parks per 100k: 0.00<br/>Global Rank: 92 / 96<br/>Percentile: 5.2%<br/>Tier: Low Tier
JE,Jersey,Jersey,Europe & Central Asia,Europe,1,0.002,0.01594184925384042,50000000,0,1,49.1823953,-2.0788699,NA,93,4.166666666666666,Low Tier,0.01594184925384042,Low Income,2023,2026-04-19,Emerging (Low Parks),Iraq,0.002,Uzbekistan,0.003,Namibia,0.004,0,93,4.2,<b>Jersey</b><br/>Region: Europe & Central Asia<br/>Dog Parks: 1<br/>Parks per 100k: 0.00<br/>Global Rank: 93 / 96<br/>Percentile: 4.2%<br/>Tier: Low Tier
EG,Egypt,Egypt,Middle East & North Africa,Africa,2,0.0017759110978904395,0.013407570710448723,112618250,1,1,28.7296929,32.52627945,112618250,94,3.125,Low Tier,0.013407570710448723,Developing,2023,2026-04-19,Emerging (Low Parks),Viet Nam,0.002,Bangladesh,0.001,Jersey,0.002,0,94,3.1,<b>Egypt</b><br/>Region: Middle East & North Africa<br/>Dog Parks: 2<br/>Parks per 100k: 0.00<br/>Global Rank: 94 / 96<br/>Percentile: 3.1%<br/>Tier: Low Tier
IN,India,India,South Asia,Asia,24,0.001683710479663495,0.012364850404979272,1425423212,4,20,21.247796254166666,77.4347580625,1425423212,95,2.083333333333333,Low Tier,0.012364850404979272,Developing,2023,2026-04-19,Emerging (Low Parks),China,0.005,Indonesia,0.003,Bangladesh,0.001,0,95,2.1,<b>India</b><br/>Region: South Asia<br/>Dog Parks: 24<br/>Parks per 100k: 0.00<br/>Global Rank: 95 / 96<br/>Percentile: 2.1%<br/>Tier: Low Tier
BD,Bangladesh,Bangladesh,South Asia,Asia,1,5.903714071981282e-4,0,169384897,1,0,22.0697138,90.0364941,169384897,96,1.0416666666666665,Low Tier,0,Developing,2023,2026-04-19,Emerging (Low Parks),Egypt,0.002,Viet Nam,0.002,Indonesia,0.003,0,96,1,<b>Bangladesh</b><br/>Region: South Asia<br/>Dog Parks: 1<br/>Parks per 100k: 0.00<br/>Global Rank: 96 / 96<br/>Percentile: 1.0%<br/>Tier: Low Tier
